Date,BAP.LM
2015-08-24,49.31279373168945
2015-08-25,48.289329528808594
2015-08-26,47.91714859008789
2015-08-27,51.3132209777832
2015-08-28,51.3132209777832
2015-08-31,50.8480110168457
2015-09-01,49.708229064941406
2015-09-02,49.778018951416016
2015-09-03,50.82474136352539
2015-09-04,50.010623931884766
2015-09-08,50.38279342651367
2015-09-09,50.010623931884766
2015-09-10,50.568878173828125
2015-09-11,51.45278549194336
2015-09-14,51.12713623046875
2015-09-15,50.661922454833984
2015-09-16,51.196922302246094
2015-09-17,50.708438873291016
2015-09-18,50.475830078125
2015-09-21,50.475830078125
2015-09-22,49.31279373168945
2015-09-23,48.89410400390625
2015-09-24,47.91714859008789
2015-09-25,47.21932601928711
2015-09-28,46.754112243652344
2015-09-29,48.29863357543945
2015-09-30,49.31279373168945
2015-10-01,49.31279373168945
2015-10-02,48.38236618041992
2015-10-05,51.769134521484375
2015-10-06,52.615814208984375
2015-10-07,53.41600036621094
2015-10-08,53.41600036621094
2015-10-09,53.41600036621094
2015-10-12,53.22060775756836
2015-10-13,53.360172271728516
2015-10-14,53.96495056152344
2015-10-15,53.26712417602539
2015-10-16,53.22060775756836
2015-10-19,52.80657196044922
2015-10-20,53.29039001464844
2015-10-21,52.615814208984375
2015-10-22,53.05778503417969
2015-10-23,53.29039001464844
2015-10-26,53.499732971191406
2015-10-27,53.499732971191406
2015-10-28,53.03451919555664
2015-10-29,52.894954681396484
2015-10-30,53.03451919555664
2015-11-02,53.03451919555664
2015-11-03,53.03451919555664
2015-11-04,53.68115997314453
2015-11-05,53.12755584716797
2015-11-06,53.1740837097168
2015-11-09,52.336700439453125
2015-11-10,52.336700439453125
2015-11-11,51.77843475341797
2015-11-12,53.592777252197266
2015-11-13,52.75539016723633
2015-11-16,51.3132209777832
2015-11-17,51.3132209777832
2015-11-18,51.834266662597656
2015-11-19,51.70865249633789
2015-11-20,51.88078689575195
2015-11-23,51.89474105834961
2015-11-24,51.89474105834961
2015-11-25,52.10409164428711
2015-11-27,49.7547492980957
2015-11-30,49.31279373168945
2015-12-01,49.31279373168945
2015-12-02,50.243221282958984
2015-12-03,48.63823699951172
2015-12-04,48.19628143310547
2015-12-07,49.05691909790039
2015-12-08,49.05691909790039
2015-12-09,48.38236618041992
2015-12-10,48.38236618041992
2015-12-11,47.033241271972656
2015-12-14,45.846946716308594
2015-12-15,45.846946716308594
2015-12-16,46.335426330566406
2015-12-17,46.98672103881836
2015-12-18,47.59150314331055
2015-12-21,44.66064453125
2015-12-22,44.66064453125
2015-12-23,45.49803161621094
2015-12-24,46.35868835449219
2015-12-28,45.49803161621094
2015-12-29,45.49803161621094
2015-12-30,45.5445556640625
2015-12-31,45.5445556640625
2016-01-04,44.428043365478516
2016-01-05,44.428043365478516
2016-01-06,43.73021697998047
2016-01-07,43.73021697998047
2016-01-08,41.93913269042969
2016-01-11,40.938926696777344
2016-01-12,40.938926696777344
2016-01-13,41.7530517578125
2016-01-14,41.21806335449219
2016-01-15,41.68326950073242
2016-01-19,41.04127502441406
2016-01-20,41.04127502441406
2016-01-21,40.938926696777344
2016-01-22,40.427188873291016
2016-01-25,41.96240234375
2016-01-26,41.96240234375
2016-01-27,42.334571838378906
2016-01-28,43.9395637512207
2016-01-29,45.870208740234375
2016-02-01,46.6843376159668
2016-02-02,46.6843376159668
2016-02-03,45.35847091674805
2016-02-04,45.49803161621094
2016-02-05,46.754112243652344
2016-02-08,45.36311721801758
2016-02-09,45.36311721801758
2016-02-10,45.82368087768555
2016-02-11,48.521934509277344
2016-02-12,48.98714828491211
2016-02-16,51.220184326171875
2016-02-17,51.40626525878906
2016-02-18,52.47626495361328
2016-02-19,51.82495880126953
2016-02-22,53.73234176635742
2016-02-23,53.73234176635742
2016-02-24,53.77885437011719
2016-02-25,54.337127685546875
2016-02-26,55.12798309326172
2016-02-29,54.98841857910156
2016-03-01,54.98841857910156
2016-03-02,55.756019592285156
2016-03-03,58.76596450805664
2016-03-04,59.12882995605469
2016-03-07,59.17535400390625
2016-03-08,59.17535400390625
2016-03-09,58.384490966796875
2016-03-10,60.012752532958984
2016-03-11,60.105777740478516
2016-03-14,60.2453498840332
2016-03-15,60.2453498840332
2016-03-16,60.105777740478516
2016-03-17,58.9427490234375
2016-03-18,62.08294677734375
2016-03-21,61.175777435302734
2016-03-22,61.175777435302734
2016-03-23,59.84991455078125
2016-03-24,58.64036178588867
2016-03-28,57.5145378112793
2016-03-29,57.5145378112793
2016-03-30,58.5240592956543
2016-03-31,60.78034591674805
2016-04-01,60.80361557006836
2016-04-04,59.31492233276367
2016-04-05,59.31492233276367
2016-04-06,58.5612678527832
2016-04-07,58.10536193847656
2016-04-08,56.7562370300293
2016-04-11,64.6648941040039
2016-04-12,64.6648941040039
2016-04-13,67.22357940673828
2016-04-14,67.60939025878906
2016-04-15,66.14371490478516
2016-04-18,66.19098663330078
2016-04-19,66.19098663330078
2016-04-20,67.13658905029297
2016-04-21,67.98762512207031
2016-04-22,67.84577178955078
2016-04-25,66.90018463134766
2016-04-26,66.90018463134766
2016-04-27,67.42971801757812
2016-04-28,68.74407196044922
2016-04-29,68.49349975585938
2016-05-02,68.24765014648438
2016-05-03,68.24765014648438
2016-05-04,65.95932006835938
2016-05-05,64.01615142822266
2016-05-06,64.63077545166016
2016-05-09,64.92863464355469
2016-05-10,64.92863464355469
2016-05-11,67.75121307373047
2016-05-12,67.60939025878906
2016-05-13,67.70392608642578
2016-05-16,69.35871124267578
2016-05-17,69.35871124267578
2016-05-18,69.21687316894531
2016-05-19,68.55496215820312
2016-05-20,65.76548767089844
2016-05-23,65.76548767089844
2016-05-24,66.71107482910156
2016-05-25,67.94033813476562
2016-05-26,68.55496215820312
2016-05-27,68.55496215820312
2016-05-31,66.4510269165039
2016-06-01,66.4510269165039
2016-06-02,67.37297058105469
2016-06-03,68.36585235595703
2016-06-06,71.3917236328125
2016-06-07,71.3917236328125
2016-06-08,72.05363464355469
2016-06-09,72.33731079101562
2016-06-10,72.99922180175781
2016-06-13,68.83863067626953
2016-06-14,68.22401428222656
2016-06-15,70.35157775878906
2016-06-16,70.44613647460938
2016-06-17,71.3917236328125
2016-06-20,71.62812042236328
2016-06-21,71.864501953125
2016-06-22,71.29716491699219
2016-06-23,72.12454986572266
2016-06-24,69.45326232910156
2016-06-27,68.28547668457031
2016-06-28,70.70616912841797
2016-06-29,70.70616912841797
2016-06-30,72.8573989868164
2016-07-01,72.81010437011719
2016-07-05,71.0607681274414
2016-07-06,70.91893005371094
2016-07-07,71.20260620117188
2016-07-08,73.9920883178711
2016-07-11,74.28520965576172
2016-07-12,73.519287109375
2016-07-13,74.98494720458984
2016-07-14,74.9613037109375
2016-07-15,73.8029556274414
2016-07-18,74.80529022216797
2016-07-19,74.89038848876953
2016-07-20,75.03221893310547
2016-07-21,75.55229187011719
2016-07-22,76.59716033935547
2016-07-25,75.93052673339844
2016-07-26,76.59245300292969
2016-07-27,76.16692352294922
2016-07-28,76.16692352294922
2016-07-29,76.16692352294922
2016-08-01,76.02509307861328
2016-08-02,74.65399169921875
2016-08-03,75.3631820678711
2016-08-04,75.69414520263672
2016-08-05,75.41046142578125
2016-08-08,75.3631820678711
2016-08-09,74.70600128173828
2016-08-10,76.38440704345703
2016-08-11,77.06523132324219
2016-08-12,74.98494720458984
2016-08-15,75.10315704345703
2016-08-16,74.4648666381836
2016-08-17,73.906982421875
2016-08-18,74.20482635498047
2016-08-19,75.41046142578125
2016-08-22,75.4577407836914
2016-08-23,75.69414520263672
2016-08-24,75.90689086914062
2016-08-25,75.78868103027344
2016-08-26,74.22847747802734
2016-08-29,75.17405700683594
2016-08-30,75.17405700683594
2016-08-31,73.75569152832031
2016-09-01,76.40332794189453
2016-09-02,76.59245300292969
2016-09-06,77.3016357421875
2016-09-07,77.04158782958984
2016-09-08,76.02509307861328
2016-09-09,73.18832397460938
2016-09-12,73.28289031982422
2016-09-13,71.9212417602539
2016-09-14,72.05363464355469
2016-09-15,73.04650115966797
2016-09-16,71.53356170654297
2016-09-19,72.05363464355469
2016-09-20,72.66826629638672
2016-09-21,73.85023498535156
2016-09-22,75.5428466796875
2016-09-23,74.03936767578125
2016-09-26,72.52642059326172
2016-09-27,71.91178894042969
2016-09-28,72.2001953125
2016-09-29,71.53356170654297
2016-09-30,72.10091400146484
2016-10-03,71.43901062011719
2016-10-04,70.44613647460938
2016-10-05,69.54783630371094
2016-10-06,69.02774810791016
2016-10-07,69.50054931640625
2016-10-10,70.11518096923828
2016-10-11,69.59984588623047
2016-10-12,69.97335052490234
2016-10-13,68.98048400878906
2016-10-14,69.40125274658203
2016-10-17,68.81500244140625
2016-10-18,70.35157775878906
2016-10-19,71.2498779296875
2016-10-20,71.98270416259766
2016-10-21,71.53828430175781
2016-10-24,71.08440399169922
2016-10-25,70.96147155761719
2016-10-26,71.34443664550781
2016-10-27,70.48869323730469
2016-10-28,69.92605590820312
2016-10-31,70.25701904296875
2016-11-01,70.25701904296875
2016-11-02,69.63764953613281
2016-11-03,69.63764953613281
2016-11-04,73.61384582519531
2016-11-07,77.11251831054688
2016-11-08,76.83356475830078
2016-11-09,76.97067260742188
2016-11-10,75.50502014160156
2016-11-11,73.42000579833984
2016-11-14,72.29475402832031
2016-11-15,72.66826629638672
2016-11-16,71.864501953125
2016-11-17,71.864501953125
2016-11-18,71.864501953125
2016-11-21,71.15532684326172
2016-11-22,71.29716491699219
2016-11-23,70.72981262207031
2016-11-25,71.864501953125
2016-11-28,71.5808334350586
2016-11-29,72.95194244384766
2016-11-30,74.08663940429688
2016-12-01,75.26861572265625
2016-12-02,73.61384582519531
2016-12-05,74.42232513427734
2016-12-06,74.32776641845703
2016-12-07,74.7012710571289
2016-12-08,74.7012710571289
2016-12-09,75.50502014160156
2016-12-12,73.61384582519531
2016-12-13,74.37031555175781
2016-12-14,74.03936767578125
2016-12-15,74.13391876220703
2016-12-16,74.13391876220703
2016-12-19,73.61384582519531
2016-12-20,74.18119812011719
2016-12-21,74.84310913085938
2016-12-22,73.9920883178711
2016-12-23,73.89752197265625
2016-12-27,73.75569152832031
2016-12-28,74.7012710571289
2016-12-29,74.79582977294922
2016-12-30,74.79582977294922
2017-01-03,76.26148986816406
2017-01-04,77.44348907470703
2017-01-05,77.54275512695312
2017-01-06,77.82170867919922
2017-01-09,77.5616683959961
2017-01-10,78.03919982910156
2017-01-11,77.53801727294922
2017-01-12,77.1597900390625
2017-01-13,76.02982330322266
2017-01-17,75.9778060913086
2017-01-18,76.35604095458984
2017-01-19,75.41046142578125
2017-01-20,75.64684295654297
2017-01-23,77.53801727294922
2017-01-24,78.3417739868164
2017-01-25,79.57103729248047
2017-01-26,78.15265655517578
2017-01-27,78.48361206054688
2017-01-30,77.58531188964844
2017-01-31,77.25907897949219
2017-02-01,77.1597900390625
2017-02-02,76.78155517578125
2017-02-03,77.53801727294922
2017-02-06,76.59716033935547
2017-02-07,78.86184692382812
2017-02-08,79.52374267578125
2017-02-09,80.28968811035156
2017-02-10,81.46221923828125
2017-02-13,80.51661682128906
2017-02-14,78.86184692382812
2017-02-15,79.33464813232422
2017-02-16,79.14552307128906
2017-02-17,78.48361206054688
2017-02-21,80.61119079589844
2017-02-22,80.61590576171875
2017-02-23,80.41732025146484
2017-02-24,79.32991027832031
2017-02-27,79.24008178710938
2017-02-28,77.77442169189453
2017-03-01,79.38191986083984
2017-03-02,78.2708511352539
2017-03-03,79.33464813232422
2017-03-06,78.29448699951172
2017-03-07,77.06523132324219
2017-03-08,76.02509307861328
2017-03-09,75.26861572265625
2017-03-10,74.65399169921875
2017-03-13,74.84310913085938
2017-03-14,74.4648666381836
2017-03-15,75.59957122802734
2017-03-16,77.29690551757812
2017-03-17,77.58531188964844
2017-03-20,77.4907455444336
2017-03-21,75.64684295654297
2017-03-22,76.40332794189453
2017-03-23,77.67987060546875
2017-03-24,77.70824432373047
2017-03-27,77.1597900390625
2017-03-28,78.57817077636719
2017-03-29,77.53801727294922
2017-03-30,77.85478973388672
2017-03-31,77.20708465576172
2017-04-03,76.81937408447266
2017-04-04,78.0013656616211
2017-04-05,77.58056640625
2017-04-06,76.30876922607422
2017-04-07,75.71304321289062
2017-04-10,75.64684295654297
2017-04-11,75.34898376464844
2017-04-12,75.07477569580078
2017-04-13,75.07477569580078
2017-04-17,75.09623718261719
2017-04-18,74.29707336425781
2017-04-19,74.29707336425781
2017-04-20,74.29707336425781
2017-04-21,74.29707336425781
2017-04-24,74.29707336425781
2017-04-25,74.17599487304688
2017-04-26,74.00648498535156
2017-04-27,73.66744232177734
2017-04-28,73.98226165771484
2017-05-01,73.98226165771484
2017-05-02,76.11332702636719
2017-05-03,76.25862884521484
2017-05-04,76.33128356933594
2017-05-05,76.16661834716797
2017-05-08,76.18598175048828
2017-05-09,77.27574157714844
2017-05-10,78.8740463256836
2017-05-11,79.09201049804688
2017-05-12,80.98091125488281
2017-05-15,83.01512145996094
2017-05-16,82.57921600341797
2017-05-17,83.2088623046875
2017-05-18,82.86013793945312
2017-05-19,83.4171142578125
2017-05-22,84.08065795898438
2017-05-23,83.79005432128906
2017-05-24,83.30573272705078
2017-05-25,82.09487915039062
2017-05-26,81.73162841796875
2017-05-30,81.27152252197266
2017-05-31,81.51367950439453
2017-06-01,81.99801635742188
2017-06-02,81.02934265136719
2017-06-05,81.755859375
2017-06-06,83.01512145996094
2017-06-07,84.03221893310547
2017-06-08,83.47039794921875
2017-06-09,83.83849334716797
2017-06-12,83.59632110595703
2017-06-13,85.96957397460938
2017-06-14,87.1803970336914
2017-06-15,86.45389556884766
2017-06-16,86.64763641357422
2017-06-19,87.78582763671875
2017-06-20,88.24593353271484
2017-06-21,88.19751739501953
2017-06-22,88.05220794677734
2017-06-23,87.3741455078125
2017-06-26,87.3741455078125
2017-06-27,87.03509521484375
2017-06-28,87.08839416503906
2017-06-29,87.08839416503906
2017-06-30,86.93824005126953
2017-07-03,88.19267272949219
2017-07-05,88.10063171386719
2017-07-06,87.66474151611328
2017-07-07,88.24593353271484
2017-07-10,88.24593353271484
2017-07-11,89.31147766113281
2017-07-12,90.03797912597656
2017-07-13,89.69410705566406
2017-07-14,90.42544555664062
2017-07-17,89.79581451416016
2017-07-18,89.79581451416016
2017-07-19,89.89268493652344
2017-07-20,89.69894409179688
2017-07-21,89.89268493652344
2017-07-24,89.2146224975586
2017-07-25,89.60206604003906
2017-07-26,90.57074737548828
2017-07-27,90.76933288574219
2017-07-28,90.76933288574219
2017-07-31,89.74736785888672
2017-08-01,91.39411163330078
2017-08-02,90.9582290649414
2017-08-03,91.97532653808594
2017-08-04,91.54425048828125
2017-08-07,90.9582290649414
2017-08-08,94.44544219970703
2017-08-09,97.06083679199219
2017-08-10,93.76737976074219
2017-08-11,94.06282806396484
2017-08-14,95.51097106933594
2017-08-15,96.57652282714844
2017-08-16,97.15771484375
2017-08-17,96.57652282714844
2017-08-18,97.9375
2017-08-21,98.94976043701172
2017-08-22,98.45089721679688
2017-08-23,97.83578491210938
2017-08-24,98.4266586303711
2017-08-25,99.57939147949219
2017-08-28,98.00531005859375
2017-08-29,97.86969757080078
2017-08-30,97.86969757080078
2017-08-31,98.23777770996094
2017-09-01,99.88936614990234
2017-09-05,97.37567138671875
2017-09-06,100.08793640136719
2017-09-07,98.51384735107422
2017-09-08,98.2038803100586
2017-09-11,100.74179077148438
2017-09-12,100.65461730957031
2017-09-13,102.223876953125
2017-09-14,102.30619812011719
2017-09-18,102.40792083740234
2017-09-19,98.74149322509766
2017-09-20,98.70758819580078
2017-09-21,99.09021759033203
2017-09-22,97.85514831542969
2017-09-25,98.07794952392578
2017-09-26,98.99819946289062
2017-09-27,98.90132904052734
2017-09-28,98.8625717163086
2017-09-29,99.72467803955078
2017-10-02,101.7153091430664
2017-10-03,101.7153091430664
2017-10-04,101.7153091430664
2017-10-05,101.7153091430664
2017-10-06,101.7153091430664
2017-10-09,101.7153091430664
2017-10-10,101.7153091430664
2017-10-11,101.7153091430664
2017-10-12,101.7153091430664
2017-10-13,101.7153091430664
2017-10-16,101.7153091430664
2017-10-17,100.74179077148438
2017-10-18,100.64492797851562
2017-10-19,99.77312469482422
2017-10-20,100.74662017822266
2017-10-23,100.63040161132812
2017-10-24,100.74179077148438
2017-10-25,100.25746154785156
2017-10-26,100.40275573730469
2017-10-27,101.85576629638672
2017-10-30,101.46830749511719
2017-10-31,101.62812805175781
2017-11-01,101.62812805175781
2017-11-02,100.37371063232422
2017-11-03,99.77312469482422
2017-11-06,101.71047973632812
2017-11-07,101.71047973632812
2017-11-08,101.71047973632812
2017-11-09,101.71047973632812
2017-11-10,101.71047973632812
2017-11-13,101.71047973632812
2017-11-14,101.71047973632812
2017-11-15,101.71047973632812
2017-11-16,101.71047973632812
2017-11-17,101.71047973632812
2017-11-20,101.71047973632812
2017-11-21,102.46119689941406
2017-11-22,102.68882751464844
2017-11-24,103.2845687866211
2017-11-27,103.26034545898438
2017-11-28,103.69625091552734
2017-11-29,103.5267333984375
2017-11-30,102.19478607177734
2017-12-01,102.18511962890625
2017-12-04,101.34723663330078
2017-12-05,100.25746154785156
2017-12-06,99.62781524658203
2017-12-07,99.81188201904297
2017-12-08,99.81188201904297
2017-12-11,100.49478149414062
2017-12-12,101.94778442382812
2017-12-13,100.71758270263672
2017-12-14,95.17195892333984
2017-12-15,93.89813995361328
2017-12-18,97.56938934326172
2017-12-19,99.07567596435547
2017-12-20,99.3178482055664
2017-12-21,97.01242065429688
2017-12-22,100.49961853027344
2017-12-26,99.96200561523438
2017-12-27,99.91842651367188
2017-12-28,100.16059112548828
2017-12-29,100.74179077148438
2018-01-02,103.18769073486328
2018-01-03,105.58515167236328
2018-01-04,106.31166076660156
2018-01-05,108.00682830810547
2018-01-08,106.69914245605469
2018-01-09,106.45697021484375
2018-01-10,106.11793518066406
2018-01-11,106.36009979248047
2018-01-12,107.90995788574219
2018-01-16,108.34587860107422
2018-01-17,109.3387451171875
2018-01-18,109.84730529785156
2018-01-19,111.12109375
2018-01-22,111.34874725341797
2018-01-23,112.75333404541016
2018-01-24,114.47270965576172
2018-01-25,113.6735610961914
2018-01-26,113.90118408203125
2018-01-29,114.6858139038086
2018-01-30,114.30320739746094
2018-01-31,112.85020446777344
2018-02-01,111.88152313232422
2018-02-02,108.4911880493164
2018-02-05,105.33814239501953
2018-02-06,107.5322036743164
2018-02-07,107.07691192626953
2018-02-08,102.14635467529297
2018-02-09,102.19478607177734
2018-02-12,104.13215637207031
2018-02-13,104.79569244384766
2018-02-14,106.16635131835938
2018-02-15,108.00682830810547
2018-02-16,106.04528045654297
2018-02-20,104.77631378173828
2018-02-21,105.39141845703125
2018-02-22,104.61647033691406
2018-02-26,104.61647033691406
2018-02-27,105.10082244873047
2018-02-28,105.10082244873047
2018-03-01,104.76663208007812
2018-03-02,105.20252990722656
2018-03-05,107.06238555908203
2018-03-06,108.92706298828125
2018-03-07,107.42562103271484
2018-03-08,106.69914245605469
2018-03-09,107.42562103271484
2018-03-12,106.52477264404297
2018-03-13,106.5102310180664
2018-03-14,104.54383850097656
2018-03-15,104.68912506103516
2018-03-16,104.71334075927734
2018-03-19,104.71334075927734
2018-03-20,107.52249145507812
2018-03-21,108.97550964355469
2018-03-22,105.34298706054688
2018-03-23,106.31166076660156
2018-03-26,108.29743194580078
2018-03-27,107.61936950683594
2018-03-28,108.80597686767578
2018-03-29,108.80597686767578
2018-04-02,110.44303131103516
2018-04-03,112.75333404541016
2018-04-04,113.47984313964844
2018-04-05,114.93283081054688
2018-04-06,113.33453369140625
2018-04-09,113.81886291503906
2018-04-10,114.8843994140625
2018-04-11,114.08525085449219
2018-04-12,113.1892318725586
2018-04-13,113.1892318725586
2018-04-16,111.15017700195312
2018-04-17,112.53914642333984
2018-04-18,112.82048797607422
2018-04-19,113.23016357421875
2018-04-20,113.8224868774414
2018-04-23,114.36544036865234
2018-04-24,115.77217102050781
2018-04-25,114.49376678466797
2018-04-26,115.52537536621094
2018-04-27,115.57473754882812
2018-04-30,114.0199203491211
2018-05-01,114.0199203491211
2018-05-02,113.279541015625
2018-05-03,110.26860809326172
2018-05-04,112.33676147460938
2018-05-07,113.0179214477539
2018-05-08,113.23016357421875
2018-05-09,111.55196380615234
2018-05-10,112.24298095703125
2018-05-11,112.24298095703125
2018-05-14,111.52728271484375
2018-05-15,111.42855834960938
2018-05-16,109.48381042480469
2018-05-17,110.44137573242188
2018-05-18,109.70098114013672
2018-05-21,110.26860809326172
2018-05-22,110.2192611694336
2018-05-23,107.9635238647461
2018-05-24,108.12149047851562
2018-05-25,110.6387939453125
2018-05-29,107.44524383544922
2018-05-30,108.51636505126953
2018-05-31,109.42949676513672
2018-06-01,111.74937438964844
2018-06-04,112.5885009765625
2018-06-05,112.61318969726562
2018-06-06,114.51350402832031
2018-06-07,112.66252899169922
2018-06-08,113.35356140136719
2018-06-11,112.88465118408203
2018-06-12,114.26671600341797
2018-06-13,113.8224868774414
2018-06-14,111.70001220703125
2018-06-15,111.0583724975586
2018-06-18,110.2192611694336
2018-06-19,110.31797790527344
2018-06-20,109.62693786621094
2018-06-21,108.3929672241211
2018-06-22,108.86188507080078
2018-06-25,108.09681701660156
2018-06-26,109.33078002929688
2018-06-27,109.57757568359375
2018-06-28,109.08399200439453
2018-06-29,109.08399200439453
2018-07-02,110.56477355957031
2018-07-03,107.85000610351562
2018-07-05,111.87279510498047
2018-07-06,112.63786315917969
2018-07-09,113.52632141113281
2018-07-10,113.32890319824219
2018-07-11,112.73655700683594
2018-07-12,113.0327377319336
2018-07-13,111.79874420166016
2018-07-16,112.48977661132812
2018-07-17,112.76126098632812
2018-07-18,112.8155517578125
2018-07-19,111.99618530273438
2018-07-20,113.37823486328125
2018-07-23,112.53914642333984
2018-07-24,113.77311706542969
2018-07-25,114.51350402832031
2018-07-26,114.0199203491211
2018-07-27,113.8224868774414
2018-07-30,113.19561004638672
2018-07-31,112.75138092041016
2018-08-01,112.63786315917969
2018-08-02,111.6161117553711
2018-08-03,113.6003646850586
2018-08-06,113.0327377319336
2018-08-07,114.0199203491211
2018-08-08,113.52632141113281
2018-08-09,113.52632141113281
2018-08-10,112.04554748535156
2018-08-13,110.56477355957031
2018-08-14,110.76219177246094
2018-08-15,109.57757568359375
2018-08-16,109.82437896728516
2018-08-17,109.03462219238281
2018-08-20,109.87373352050781
2018-08-21,108.73847198486328
2018-08-22,108.59040069580078
2018-08-23,109.57757568359375
2018-08-27,110.31797790527344
2018-08-28,109.42949676513672
2018-08-29,109.55291748046875
2018-08-30,109.55291748046875
2018-08-31,109.55291748046875
2018-09-04,109.55291748046875
2018-09-05,103.84696960449219
2018-09-06,103.80748748779297
2018-09-07,103.60509490966797
2018-09-10,103.58535766601562
2018-09-11,102.9140853881836
2018-09-12,105.23397064208984
2018-09-13,105.13524627685547
2018-09-14,105.60417938232422
2018-09-17,105.87564086914062
2018-09-18,106.91219329833984
2018-09-19,108.81251525878906
2018-09-20,111.74937438964844
2018-09-21,111.89747619628906
2018-09-24,110.81156921386719
2018-09-25,112.01593780517578
2018-09-26,111.8481216430664
2018-09-27,112.04554748535156
2018-09-28,110.07118225097656
2018-10-01,111.80368041992188
2018-10-02,111.67534637451172
2018-10-03,112.1442642211914
2018-10-04,109.97245025634766
2018-10-05,109.08399200439453
2018-10-08,109.08399200439453
2018-10-09,109.8342514038086
2018-10-10,108.34361267089844
2018-10-11,105.80158996582031
2018-10-12,106.61602783203125
2018-10-15,107.83518981933594
2018-10-16,110.56477355957031
2018-10-17,110.14521789550781
2018-10-18,108.2300796508789
2018-10-19,108.83718872070312
2018-10-22,107.63282775878906
2018-10-23,106.64071655273438
2018-10-24,106.04840087890625
2018-10-25,106.21127319335938
2018-10-26,105.97435760498047
2018-10-29,105.87564086914062
2018-10-30,108.09681701660156
2018-10-31,111.0583724975586
2018-11-01,111.0583724975586
2018-11-02,112.91919708251953
2018-11-05,113.05741119384766
2018-11-06,112.31208801269531
2018-11-07,112.94387817382812
2018-11-08,111.94683074951172
2018-11-09,109.97245025634766
2018-11-12,109.57757568359375
2018-11-13,110.46605682373047
2018-11-14,108.83718872070312
2018-11-15,110.86092376708984
2018-11-16,111.83330535888672
2018-11-19,111.0682373046875
2018-11-20,107.60321044921875
2018-11-21,110.31797790527344
2018-11-23,107.60321044921875
2018-11-26,109.47885131835938
2018-11-27,109.33078002929688
2018-11-28,111.08303833007812
2018-11-29,111.18175506591797
2018-11-30,108.19551086425781
2018-12-03,110.56477355957031
2018-12-04,109.6762924194336
2018-12-06,109.38015747070312
2018-12-07,109.7207260131836
2018-12-10,106.66539001464844
2018-12-11,109.25674438476562
2018-12-12,107.50447845458984
2018-12-13,107.75128936767578
2018-12-14,107.7019271850586
2018-12-17,106.7887954711914
2018-12-18,106.45807647705078
2018-12-19,106.8134536743164
2018-12-20,106.56665802001953
2018-12-21,105.62883758544922
2018-12-24,105.53506469726562
2018-12-26,107.10962677001953
2018-12-27,107.91910552978516
2018-12-28,109.13336181640625
2018-12-31,109.2320556640625
2019-01-02,111.55196380615234
2019-01-03,109.78488159179688
2019-01-04,112.53914642333984
2019-01-07,112.07022857666016
2019-01-08,111.79381561279297
2019-01-09,112.1442642211914
2019-01-10,113.77311706542969
2019-01-11,112.8599624633789
2019-01-14,113.76818084716797
2019-01-15,114.16799926757812
2019-01-16,114.3950424194336
2019-01-17,115.22920989990234
2019-01-18,114.0199203491211
2019-01-22,113.5855484008789
2019-01-23,115.64876556396484
2019-01-24,116.04366302490234
2019-01-25,116.53724670410156
2019-01-28,116.24602508544922
2019-01-29,117.96866607666016
2019-01-30,117.47509002685547
2019-01-31,119.92329406738281
2019-02-01,119.69622039794922
2019-02-04,121.25104522705078
2019-02-05,122.83055114746094
2019-02-06,121.76931762695312
2019-02-07,117.03083038330078
2019-02-08,118.97066497802734
2019-02-11,116.48786926269531
2019-02-12,118.11674499511719
2019-02-13,117.49974822998047
2019-02-14,116.48786926269531
2019-02-15,117.96866607666016
2019-02-19,118.21544647216797
2019-02-20,118.75841522216797
2019-02-21,117.86994934082031
2019-02-22,119.49878692626953
2019-02-25,119.25199127197266
2019-02-26,119.54814910888672
2019-02-27,120.11578369140625
2019-02-28,120.14045715332031
2019-03-01,118.11674499511719
2019-03-04,119.10392761230469
2019-03-05,117.96866607666016
2019-03-06,118.95584869384766
2019-03-07,116.48786926269531
2019-03-08,116.31510925292969
2019-03-11,119.28162384033203
2019-03-12,118.41287231445312
2019-03-13,119.94304656982422
2019-03-14,121.4238052368164
2019-03-15,122.58375549316406
2019-03-18,123.64498138427734
2019-03-19,123.59561920166016
2019-03-20,122.48501586914062
2019-03-21,120.68340301513672
2019-03-22,118.95584869384766
2019-03-25,118.46223449707031
2019-03-26,118.58563995361328
2019-03-27,118.11674499511719
2019-03-28,118.31416320800781
2019-03-29,118.22532653808594
2019-04-01,119.52349090576172
2019-04-02,119.94304656982422
2019-04-03,120.13552856445312
2019-04-04,120.30335998535156
2019-04-05,121.05855560302734
2019-04-08,120.98943328857422
2019-04-09,118.61032104492188
2019-04-10,119.35071563720703
2019-04-11,118.7830810546875
2019-04-12,119.12367248535156
2019-04-15,118.03178405761719
2019-04-16,118.68991088867188
2019-04-17,117.31292724609375
2019-04-18,117.31292724609375
2019-04-22,117.55085754394531
2019-04-23,118.96833801269531
2019-04-24,117.95587158203125
2019-04-25,118.46212005615234
2019-04-26,119.47459411621094
2019-04-29,119.66697692871094
2019-04-30,120.0567855834961
2019-05-01,120.0567855834961
2019-05-02,120.00614929199219
2019-05-03,120.23397827148438
2019-05-06,120.38584899902344
2019-05-07,118.38617706298828
2019-05-08,114.7664794921875
2019-05-09,113.72867584228516
2019-05-10,112.94398498535156
2019-05-13,109.40531921386719
2019-05-14,110.86837768554688
2019-05-15,109.55213928222656
2019-05-16,110.10900115966797
2019-05-17,110.41275024414062
2019-05-20,111.29362487792969
2019-05-21,113.05030059814453
2019-05-22,114.36148071289062
2019-05-23,113.07056427001953
2019-05-24,112.03274536132812
2019-05-28,111.19743347167969
2019-05-29,111.01012420654297
2019-05-30,112.2858657836914
2019-05-31,113.52618408203125
2019-06-03,112.18463134765625
2019-06-04,112.18463134765625
2019-06-05,113.1465072631836
2019-06-06,113.70337677001953
2019-06-07,115.77899169921875
2019-06-10,115.85492706298828
2019-06-11,115.42461395263672
2019-06-12,114.91331481933594
2019-06-13,111.93150329589844
2019-06-14,111.77963256835938
2019-06-17,110.94430541992188
2019-06-18,111.57711791992188
2019-06-19,111.28350830078125
2019-06-20,112.6402587890625
2019-06-21,111.88086700439453
2019-06-24,114.91835021972656
2019-06-25,114.75635528564453
2019-06-26,115.677734375
2019-06-27,116.91804504394531
2019-06-28,115.57649230957031
2019-07-01,116.57884979248047
2019-07-02,117.7280502319336
2019-07-03,118.56334686279297
2019-07-05,120.68958282470703
2019-07-08,120.84146118164062
2019-07-09,120.48709106445312
2019-07-10,120.12260437011719
2019-07-11,119.37333679199219
2019-07-12,119.47459411621094
2019-07-15,118.05711364746094
2019-07-16,119.47459411621094
2019-07-17,120.12260437011719
2019-07-18,119.2518539428711
2019-07-19,116.85729217529297
2019-07-22,115.57649230957031
2019-07-23,114.46780395507812
2019-07-24,114.91835021972656
2019-07-25,115.34361267089844
2019-07-26,116.41179656982422
2019-07-29,116.41179656982422
2019-07-30,110.86837768554688
2019-07-31,110.71651458740234
2019-08-01,109.62806701660156
2019-08-02,108.08908081054688
2019-08-05,106.08939361572266
2019-08-06,106.45895385742188
2019-08-07,108.33712768554688
2019-08-08,108.94463348388672
2019-08-09,104.94526672363281
2019-08-12,102.33809661865234
2019-08-13,105.35026550292969
2019-08-14,102.07991027832031
2019-08-15,102.33809661865234
2019-08-16,104.50989532470703
2019-08-19,104.69214630126953
2019-08-20,104.00872039794922
2019-08-21,104.28716278076172
2019-08-22,102.97090148925781
2019-08-23,101.9229736328125
2019-08-26,101.80653381347656
2019-08-27,102.12042236328125
2019-08-28,102.0596694946289
2019-08-29,102.94558715820312
2019-08-30,102.94558715820312
2019-09-03,103.7809066772461
2019-09-04,103.7809066772461
2019-09-05,107.02088165283203
2019-09-06,107.47650909423828
2019-09-09,107.07151794433594
2019-09-10,107.32463836669922
2019-09-11,108.13463592529297
2019-09-12,108.84339141845703
2019-09-13,109.01045227050781
2019-09-16,109.24839782714844
2019-09-17,107.88150787353516
2019-09-18,107.88150787353516
2019-09-19,107.64863586425781
2019-09-20,106.31214141845703
2019-09-23,104.99588775634766
2019-09-24,104.5402603149414
2019-09-25,106.10964965820312
2019-09-26,107.12215423583984
2019-09-27,107.7296371459961
2019-09-30,105.80590057373047
2019-10-01,103.52777862548828
2019-10-02,102.15583801269531
2019-10-03,102.91522216796875
2019-10-04,105.09715270996094
2019-10-07,105.02120208740234
2019-10-08,105.02120208740234
2019-10-09,103.7809066772461
2019-10-10,102.99115753173828
2019-10-11,105.37557983398438
2019-10-14,105.49202728271484
2019-10-15,106.31214141845703
2019-10-16,105.80590057373047
2019-10-17,106.05902099609375
2019-10-18,106.46401977539062
2019-10-21,105.80590057373047
2019-10-22,105.06171417236328
2019-10-23,107.32463836669922
2019-10-24,108.48900604248047
2019-10-25,107.42589569091797
2019-10-28,108.18525695800781
2019-10-29,107.83088684082031
2019-10-30,107.83088684082031
2019-10-31,106.81838989257812
2019-11-01,106.81838989257812
2019-11-04,108.37256622314453
2019-11-05,107.5524673461914
2019-11-06,107.57776641845703
2019-11-07,109.40027618408203
2019-11-08,104.5402603149414
2019-11-11,103.90748596191406
2019-11-12,103.23414611816406
2019-11-13,103.1227798461914
2019-11-14,103.17340087890625
2019-11-15,106.0083999633789
2019-11-18,106.31214141845703
2019-11-19,104.60102081298828
2019-11-20,104.33777618408203
2019-11-21,105.35026550292969
2019-11-22,104.69214630126953
2019-11-25,106.3627700805664
2019-11-26,105.00096130371094
2019-11-27,106.31214141845703
2019-11-29,106.35769653320312
2019-12-02,107.32463836669922
2019-12-03,104.82884979248047
2019-12-04,105.18827056884766
2019-12-05,103.7809066772461
2019-12-06,105.44645690917969
2019-12-09,104.94526672363281
2019-12-10,103.02153015136719
2019-12-11,103.7809066772461
2019-12-12,105.42621612548828
2019-12-13,104.91995239257812
2019-12-16,105.62870788574219
2019-12-17,106.27670288085938
2019-12-18,107.07151794433594
2019-12-19,108.69151306152344
2019-12-20,108.18525695800781
2019-12-23,108.96995544433594
2019-12-24,108.96995544433594
2019-12-26,108.72694396972656
2019-12-27,108.84339141845703
2019-12-30,108.4383773803711
2019-12-31,107.66887664794922
2020-01-02,110.86837768554688
2020-01-03,109.85588073730469
2020-01-06,108.75733947753906
2020-01-07,106.06915283203125
2020-01-08,106.69183349609375
2020-01-09,107.2740249633789
2020-01-10,106.81838989257812
2020-01-13,106.81838989257812
2020-01-14,106.31214141845703
2020-01-15,107.93213653564453
2020-01-16,108.79275512695312
2020-01-17,109.26863098144531
2020-01-21,110.22037506103516
2020-01-22,111.3746337890625
2020-01-23,110.69625854492188
2020-01-24,109.7647705078125
2020-01-27,107.92200469970703
2020-01-28,107.83088684082031
2020-01-29,107.62837982177734
2020-01-30,106.51463317871094
2020-01-31,104.69214630126953
2020-02-03,105.80590057373047
2020-02-04,107.57776641845703
2020-02-05,109.13195037841797
2020-02-06,102.9202880859375
2020-02-07,101.88247680664062
2020-02-10,103.47715759277344
2020-02-11,103.48221588134766
2020-02-12,106.56527709960938
2020-02-13,105.29965209960938
2020-02-14,103.2442855834961
2020-02-18,102.26215362548828
2020-02-19,102.009033203125
2020-02-20,100.74846649169922
2020-02-21,100.743408203125
2020-02-24,98.26785278320312
2020-02-25,95.09874725341797
2020-02-26,95.98467254638672
2020-02-27,93.11425018310547
2020-02-28,91.73219299316406
2020-03-02,96.18717956542969
2020-03-03,94.896240234375
2020-03-04,100.27766418457031
2020-03-05,96.69847869873047
2020-03-06,94.51655578613281
2020-03-09,88.59344482421875
2020-03-10,90.82093811035156
2020-03-11,86.84689331054688
2020-03-12,76.44348907470703
2020-03-13,87.58096313476562
2020-03-16,75.43099975585938
2020-03-17,74.41849517822266
2020-03-18,68.74851989746094
2020-03-19,68.29290008544922
2020-03-20,67.83726501464844
2020-03-23,63.179786682128906
2020-03-24,64.14165496826172
2020-03-25,65.1541519165039
2020-03-26,66.5210189819336
2020-03-27,63.93916320800781
2020-03-30,67.3310317993164
2020-03-31,72.6466293334961
2020-04-01,68.01446533203125
2020-04-02,68.62196350097656
2020-04-03,66.06539916992188
2020-04-06,67.83726501464844
2020-04-07,67.3310317993164
2020-04-08,73.72413635253906
2020-04-09,73.72413635253906
2020-04-13,94.59838104248047
2020-04-14,95.64173889160156
2020-04-15,97.58935546875
2020-04-16,98.49360656738281
2020-04-17,99.46741485595703
2020-04-20,99.11962890625
2020-04-21,96.19821166992188
2020-04-22,96.82421875
2020-04-23,95.50263214111328
2020-04-24,93.20721435546875
2020-04-27,95.36351776123047
2020-04-28,97.06767272949219
2020-04-29,103.57130432128906
2020-04-30,104.16254425048828
2020-05-01,104.16254425048828
2020-05-04,98.77183532714844
2020-05-05,99.11962890625
2020-05-06,99.37003326416016
2020-05-07,100.1629867553711
2020-05-08,101.55413055419922
2020-05-11,98.56316375732422
2020-05-12,98.4240493774414
2020-05-13,94.4870834350586
2020-05-14,94.87660217285156
2020-05-15,92.78987884521484
2020-05-18,94.69574737548828
2020-05-19,92.51165008544922
2020-05-20,92.51165008544922
2020-05-21,93.20721435546875
2020-05-22,92.0247573852539
2020-05-26,95.05049896240234
2020-05-27,98.16668701171875
2020-05-28,98.4240493774414
2020-05-29,95.29395294189453
2020-06-01,97.72847747802734
2020-06-02,99.46741485595703
2020-06-03,105.26156616210938
2020-06-04,107.60565185546875
2020-06-05,115.18743133544922
2020-06-08,117.5871810913086
2020-06-09,115.53522491455078
2020-06-10,111.70955657958984
2020-06-11,107.4665298461914
2020-06-12,108.51685333251953
2020-06-15,109.90104675292969
2020-06-16,109.3028564453125
2020-06-17,107.13961029052734
2020-06-18,104.51033782958984
2020-06-19,104.05821228027344
2020-06-22,100.962890625
2020-06-23,99.81520080566406
2020-06-24,97.58935546875
2020-06-25,95.29395294189453
2020-06-26,94.25059509277344
2020-06-29,94.25059509277344
2020-06-30,93.17243957519531
2020-07-01,93.20721435546875
2020-07-02,91.95518493652344
2020-07-06,93.20721435546875
2020-07-07,92.58120727539062
2020-07-08,90.21624755859375
2020-07-09,87.08615112304688
2020-07-10,89.39547729492188
2020-07-13,89.03376007080078
2020-07-14,88.26863861083984
2020-07-15,91.12049865722656
2020-07-16,90.07713317871094
2020-07-17,89.45111083984375
2020-07-20,88.33818817138672
2020-07-21,89.29113006591797
2020-07-22,88.33818817138672
2020-07-23,89.65978240966797
2020-07-24,88.8250961303711
2020-07-27,87.71217346191406
2020-07-28,87.71217346191406
2020-07-29,89.03376007080078
2020-07-30,89.7293472290039
2020-07-31,88.58163452148438
2020-08-03,88.68597412109375
2020-08-04,86.94703674316406
2020-08-05,87.50350189208984
2020-08-06,86.1819076538086
2020-08-07,89.38156127929688
2020-08-10,89.45111083984375
2020-08-11,90.56404113769531
2020-08-12,91.09268188476562
2020-08-13,91.81607055664062
2020-08-14,91.9899673461914
2020-08-17,90.18146514892578
2020-08-18,90.772705078125
2020-08-19,90.07713317871094
2020-08-20,89.38156127929688
2020-08-21,87.71217346191406
2020-08-24,89.2076644897461
2020-08-25,90.25102233886719
2020-08-26,90.14669036865234
2020-08-27,91.73955535888672
2020-08-28,90.772705078125
2020-08-31,90.52924346923828
2020-09-01,91.40567779541016
2020-09-02,91.32917785644531
2020-09-03,92.51165008544922
2020-09-04,90.42491912841797
2020-09-08,90.42491912841797
2020-09-09,91.12049865722656
2020-09-10,88.33818817138672
2020-09-11,88.47730255126953
2020-09-14,90.07713317871094
2020-09-15,90.4596939086914
2020-09-16,91.4682846069336
2020-09-17,91.4682846069336
2020-09-18,89.38156127929688
2020-09-21,87.64261627197266
2020-09-22,87.50350189208984
2020-09-23,85.93844604492188
2020-09-24,86.66184997558594
2020-09-25,85.96627044677734
2020-09-28,85.66021728515625
2020-09-29,86.11235046386719
2020-09-30,86.11235046386719
2020-10-01,85.62544250488281
2020-10-02,86.34883880615234
2020-10-05,86.25146484375
2020-10-06,90.35536193847656
2020-10-07,87.7817153930664
2020-10-08,87.7817153930664
2020-10-09,87.7817153930664
2020-10-12,86.25146484375
2020-10-13,84.86031341552734
2020-10-14,84.16473388671875
2020-10-15,83.88650512695312
2020-10-16,83.85172271728516
2020-10-19,83.6778335571289
2020-10-20,83.81694030761719
2020-10-21,86.94703674316406
2020-10-22,84.96464538574219
2020-10-23,84.06039428710938
2020-10-26,83.33003997802734
2020-10-27,83.46915435791016
2020-10-28,80.4920883178711
2020-10-29,79.85215759277344
2020-10-30,79.3652572631836
2020-11-02,81.6954345703125
2020-11-03,83.46915435791016
2020-11-04,82.87791442871094
2020-11-05,84.88813781738281
2020-11-06,82.95442962646484
2020-11-09,95.3287353515625
2020-11-10,78.46100616455078
2020-11-11,82.87791442871094
2020-11-12,83.02398681640625
2020-11-13,86.94703674316406
2020-11-16,88.5120849609375
2020-11-17,92.46990966796875
2020-11-18,94.25059509277344
2020-11-19,92.60902404785156
2020-11-20,92.51165008544922
2020-11-23,94.59838104248047
2020-11-24,101.90192413330078
2020-11-25,105.37980651855469
2020-11-27,104.3364486694336
2020-11-30,107.29264831542969
2020-12-01,109.54631805419922
2020-12-02,111.973876953125
2020-12-03,114.213623046875
2020-12-04,115.71607208251953
2020-12-07,113.65715026855469
2020-12-08,113.65715026855469
2020-12-09,113.44850158691406
2020-12-10,114.07450103759766
2020-12-11,111.63998413085938
2020-12-14,112.23123168945312
2020-12-15,113.86582946777344
2020-12-16,113.09375
2020-12-17,112.683349609375
2020-12-18,112.24514770507812
2020-12-21,110.38794708251953
2020-12-22,112.683349609375
2020-12-23,114.77008819580078
2020-12-24,114.14407348632812
2020-12-28,114.87442779541016
2020-12-29,114.77008819580078
2020-12-30,113.62239837646484
2020-12-31,111.70955657958984
2021-01-04,109.62281799316406
2021-01-05,108.96202087402344
2021-01-06,113.3789291381836
2021-01-07,114.5266342163086
2021-01-08,114.77008819580078
2021-01-11,116.1821060180664
2021-01-12,114.77008819580078
2021-01-13,110.59661865234375
2021-01-14,110.59661865234375
2021-01-15,107.4665298461914
2021-01-19,108.35687255859375
2021-01-20,108.37078857421875
2021-01-21,106.42316436767578
2021-01-22,106.88226318359375
2021-01-25,107.11874389648438
2021-01-26,107.5013198852539
2021-01-27,106.00581359863281
2021-01-28,106.06843566894531
2021-01-29,104.68423461914062
2021-02-01,105.72759246826172
2021-02-02,106.79183197021484
2021-02-03,108.50989532470703
2021-02-04,108.30123138427734
2021-02-05,109.90104675292969
2021-02-08,110.59661865234375
2021-02-09,114.56140899658203
2021-02-10,116.85681915283203
2021-02-11,112.7042236328125
2021-02-12,115.46566772460938
2021-02-16,114.83963775634766
2021-02-17,116.85681915283203
2021-02-18,111.98777770996094
2021-02-19,113.76151275634766
2021-02-22,113.3789291381836
2021-02-23,113.7962875366211
2021-02-24,114.42230224609375
2021-02-25,112.683349609375
2021-02-26,111.5704345703125
2021-03-01,110.94440460205078
2021-03-02,110.59661865234375
2021-03-03,110.52706146240234
2021-03-04,108.57946014404297
2021-03-05,107.53609466552734
2021-03-08,106.26319122314453
2021-03-09,106.35360717773438
2021-03-10,107.81432342529297
2021-03-11,106.5622787475586
2021-03-12,105.1363525390625
2021-03-15,106.42316436767578
2021-03-16,105.49805450439453
2021-03-17,104.30862426757812
2021-03-18,102.59749603271484
2021-03-19,102.01322174072266
2021-03-22,100.52468872070312
2021-03-23,97.65890502929688
2021-03-24,97.03289794921875
2021-03-25,95.81562805175781
2021-03-26,96.92159271240234
2021-03-29,95.64173889160156
2021-03-30,96.28861999511719
2021-03-31,95.57217407226562
2021-04-01,95.57217407226562
2021-04-05,97.52674865722656
2021-04-06,101.78368377685547
2021-04-07,100.51077270507812
2021-04-08,106.42316436767578
2021-04-09,104.47554779052734
2021-04-12,102.29145050048828
2021-04-13,100.80290985107422
2021-04-14,99.81520080566406
2021-04-15,98.70923614501953
2021-04-16,97.69367980957031
2021-04-19,93.38111877441406
2021-04-20,88.22689056396484
2021-04-21,87.12092590332031
2021-04-22,85.67413330078125
2021-04-23,83.46915435791016
2021-04-26,84.37340545654297
2021-04-27,84.55425262451172
2021-04-28,83.78216552734375
2021-04-29,83.92127227783203
2021-04-30,83.33003997802734
2021-05-03,83.12136840820312
2021-05-04,81.75804138183594
2021-05-05,80.97203063964844
2021-05-06,80.8607406616211
2021-05-07,84.47772979736328
2021-05-10,92.6507568359375
2021-05-11,92.85247802734375
2021-05-12,97.2763442993164
2021-05-13,98.77183532714844
2021-05-14,101.55413055419922
2021-05-17,100.36470031738281
2021-05-18,97.9023666381836
2021-05-19,96.92159271240234
2021-05-20,96.0660400390625
2021-05-21,94.18102264404297
2021-05-24,91.8369369506836
2021-05-25,90.57794952392578
2021-05-26,90.28580474853516
2021-05-27,91.19004821777344
2021-05-28,95.64173889160156
2021-06-01,96.1286392211914
2021-06-02,98.2849349975586
2021-06-03,98.77183532714844
2021-06-04,104.26687622070312
2021-06-07,93.20721435546875
2021-06-08,93.03333282470703
2021-06-09,87.50350189208984
2021-06-10,87.25308990478516
2021-06-11,86.94703674316406
2021-06-14,85.06201934814453
2021-06-15,83.92823791503906
2021-06-16,82.33537292480469
2021-06-17,83.55261993408203
2021-06-18,80.5477294921875
2021-06-21,80.8746566772461
2021-06-22,80.69380187988281
2021-06-23,80.83291625976562
2021-06-24,82.36318969726562
2021-06-25,82.85704040527344
2021-06-28,86.07756042480469
2021-06-29,86.07756042480469
2021-06-30,84.31775665283203
2021-07-01,84.09517669677734
2021-07-02,84.27601623535156
2021-07-06,83.46915435791016
2021-07-07,83.10745239257812
2021-07-08,82.7735824584961
2021-07-09,82.92660522460938
2021-07-12,83.573486328125
2021-07-13,83.1491928100586
2021-07-14,82.69705963134766
2021-07-15,82.00843811035156
2021-07-16,82.7735824584961
2021-07-19,81.00682067871094
2021-07-20,82.32144927978516
2021-07-21,84.88813781738281
2021-07-22,84.86031341552734
2021-07-23,82.81531524658203
2021-07-26,83.99778747558594
2021-07-27,84.16473388671875
2021-07-28,84.16473388671875
2021-07-29,84.16473388671875
2021-07-30,70.45491790771484
2021-08-02,72.235595703125
2021-08-03,70.58012390136719
2021-08-04,69.9054183959961
2021-08-05,70.57316589355469
2021-08-06,71.4774169921875
2021-08-09,71.98519134521484
2021-08-10,73.7728271484375
2021-08-11,72.9311752319336
2021-08-12,71.71390533447266
2021-08-13,70.7957534790039
2021-08-16,70.21147155761719
2021-08-17,67.4083023071289
2021-08-18,64.6885986328125
2021-08-19,64.7372817993164
2021-08-20,65.76673889160156
2021-08-23,69.48807525634766
2021-08-24,71.83912658691406
2021-08-25,73.03550720214844
2021-08-26,71.4774169921875
2021-08-27,72.16603088378906
2021-08-30,72.16603088378906
2021-08-31,74.1553955078125
2021-09-01,74.1553955078125
2021-09-02,74.1553955078125
2021-09-03,74.1553955078125
2021-09-07,74.1553955078125
2021-09-08,74.1553955078125
2021-09-09,74.1553955078125
2021-09-10,74.1553955078125
2021-09-13,74.1553955078125
2021-09-14,75.00577545166016
2021-09-15,75.00577545166016
2021-09-16,75.00577545166016
2021-09-17,75.00577545166016
2021-09-20,75.00577545166016
2021-09-21,75.00577545166016
2021-09-22,75.00577545166016
2021-09-23,75.00577545166016
2021-09-24,77.151611328125
2021-09-27,80.06431579589844
2021-09-28,80.20502471923828
2021-09-29,79.74067687988281
2021-09-30,78.79792022705078
2021-10-01,79.888427734375
2021-10-04,77.74259185791016
2021-10-05,79.73365020751953
2021-10-06,80.90858459472656
2021-10-07,88.64766693115234
2021-10-08,88.64766693115234
2021-10-11,90.57540130615234
2021-10-12,91.46187591552734
2021-10-13,91.1663818359375
2021-10-14,90.45580291748047
2021-10-15,94.62786102294922
2021-10-18,93.63584899902344
2021-10-19,93.5725326538086
2021-10-20,92.39057159423828
2021-10-21,93.33333587646484
2021-10-22,92.08100891113281
2021-10-25,91.95436096191406
2021-10-26,90.86385345458984
2021-10-27,91.60258483886719
2021-10-28,92.94638061523438
2021-10-29,91.42668914794922
2021-11-01,91.42668914794922
2021-11-02,92.7845458984375
2021-11-03,91.7432861328125
2021-11-04,89.66780853271484
2021-11-05,89.65373992919922
2021-11-08,89.68891906738281
2021-11-09,88.57731628417969
2021-11-10,88.57731628417969
2021-11-11,89.94219970703125
2021-11-12,89.98441314697266
2021-11-15,89.14014434814453
2021-11-16,89.2808609008789
2021-11-17,84.56705474853516
2021-11-18,85.05953979492188
2021-11-19,84.63037109375
2021-11-22,83.37101745605469
2021-11-23,84.49669647216797
2021-11-24,85.51686096191406
2021-11-26,82.17498016357422
2021-11-29,83.51876068115234
2021-11-30,82.59710693359375
2021-12-01,79.78289794921875
2021-12-02,81.2603530883789
2021-12-03,79.74771881103516
2021-12-06,80.92265319824219
2021-12-07,82.24533081054688
2021-12-08,82.24533081054688
2021-12-09,80.73973083496094
2021-12-10,79.14970397949219
2021-12-13,77.53152465820312
2021-12-14,77.17271423339844
2021-12-15,76.70133209228516
2021-12-16,80.49348449707031
2021-12-17,82.1046142578125
2021-12-20,80.90858459472656
2021-12-21,83.51172637939453
2021-12-22,82.45639038085938
2021-12-23,84.72183227539062
2021-12-27,86.33296966552734
2021-12-28,86.12894439697266
2021-12-29,85.77013397216797
2021-12-30,87.24055480957031
2021-12-31,87.08577728271484
2022-01-03,87.02947998046875
2022-01-04,90.40654754638672
2022-01-05,91.13822937011719
2022-01-06,93.00968170166016
2022-01-07,94.62786102294922
2022-01-10,92.728271484375
2022-01-11,97.3013687133789
2022-01-12,100.81208801269531
2022-01-13,102.47247314453125
2022-01-14,101.86741638183594
2022-01-18,101.14979553222656
2022-01-19,99.90450286865234
2022-01-20,99.50347900390625
2022-01-21,96.15457153320312
2022-01-24,96.8510971069336
2022-01-25,97.56167602539062
2022-01-26,95.58470153808594
2022-01-27,95.12035369873047
2022-01-28,97.66722106933594
2022-01-31,100.53770446777344
2022-02-01,98.18080139160156
2022-02-02,95.68319702148438
2022-02-03,94.9092788696289
2022-02-04,95.3314208984375
2022-02-07,95.19070434570312
2022-02-08,102.58503723144531
2022-02-09,106.23648071289062
2022-02-10,108.3471450805664
2022-02-11,108.27678680419922
2022-02-14,108.3471450805664
2022-02-15,112.5684585571289
2022-02-16,111.24578094482422
2022-02-17,108.90998840332031
2022-02-18,109.05069732666016
2022-02-22,106.79933166503906
2022-02-23,105.9761734008789
2022-02-24,101.4945297241211
2022-02-25,105.7439956665039
2022-02-28,105.5329360961914
2022-03-01,104.68866729736328
2022-03-02,107.64358520507812
2022-03-03,109.61354064941406
2022-03-04,108.3471450805664
2022-03-07,103.89364624023438
2022-03-08,108.49488830566406
2022-03-09,114.36251831054688
2022-03-10,112.89209747314453
2022-03-11,113.55343627929688
2022-03-14,113.55343627929688
2022-03-15,113.90521240234375
2022-03-16,117.88028717041016
2022-03-17,117.88028717041016
2022-03-18,117.88028717041016
2022-03-21,117.88028717041016
2022-03-22,122.76997375488281
2022-03-23,124.84544372558594
2022-03-24,122.41819763183594
2022-03-25,124.1348648071289
2022-03-28,122.8192367553711
2022-03-29,124.33185577392578
2022-03-30,122.41819763183594
2022-03-31,121.51765441894531
2022-04-01,119.85728454589844
2022-04-04,119.2592544555664
2022-04-05,118.13356018066406
2022-04-06,113.27201080322266
2022-04-07,112.0407943725586
2022-04-08,102.79611206054688
2022-04-11,105.5329360961914
2022-04-12,102.15586853027344
2022-04-13,101.66339111328125
2022-04-14,101.66339111328125
2022-04-18,99.90450286865234
2022-04-19,102.14884185791016
2022-04-20,106.69378662109375
2022-04-21,108.83963012695312
2022-04-22,104.47759246826172
2022-04-25,98.3426284790039
2022-04-26,96.14049530029297
2022-04-27,97.09030151367188
2022-04-28,97.69535064697266
2022-04-29,98.11044311523438
2022-05-02,96.68927001953125
2022-05-03,99.10245513916016
2022-05-04,99.90450286865234
2022-05-05,93.63584899902344
2022-05-06,93.62882232666016
2022-05-09,88.49287414550781
2022-05-10,89.23161315917969
2022-05-11,88.0285415649414
2022-05-12,84.50373840332031
2022-05-13,92.19356536865234
2022-05-16,93.28407287597656
2022-05-17,98.46926879882812
2022-05-18,93.32627868652344
2022-05-19,97.565185546875
2022-05-20,97.78280639648438
2022-05-23,101.19214630126953
2022-05-24,100.75690460205078
2022-05-25,101.19214630126953
2022-05-26,102.048095703125
2022-05-27,103.54967498779297
2022-05-31,102.33826446533203
2022-06-01,99.958984375
2022-06-02,103.62946319580078
2022-06-03,101.72894287109375
2022-06-06,98.97969818115234
2022-06-07,98.82011413574219
2022-06-08,97.89161682128906
2022-06-09,96.03460693359375
2022-06-10,91.39936065673828
2022-06-13,89.82526397705078
2022-06-14,89.64391326904297
2022-06-15,92.71956634521484
2022-06-16,88.86048889160156
2022-06-17,90.60142517089844
2022-06-21,92.48744201660156
2022-06-22,90.31127166748047
2022-06-23,89.58588409423828
2022-06-24,90.67396545410156
2022-06-27,90.158935546875
2022-06-28,89.64391326904297
2022-06-29,89.64391326904297
2022-06-30,86.81488037109375
2022-07-01,87.09779357910156
2022-07-05,87.22835540771484
2022-07-06,85.3350830078125
2022-07-07,89.94857788085938
2022-07-08,88.75167846679688
2022-07-11,87.11954498291016
2022-07-12,87.04700469970703
2022-07-13,85.59622192382812
2022-07-14,83.78274536132812
2022-07-15,84.15269470214844
2022-07-18,87.40969848632812
2022-07-19,91.4719009399414
2022-07-20,91.73303985595703
2022-07-21,90.71024322509766
2022-07-22,90.78277587890625
2022-07-25,92.85013580322266
2022-07-26,93.938232421875
2022-07-27,93.21284484863281
2022-07-28,93.21284484863281
2022-07-29,93.21284484863281
2022-08-01,93.21284484863281
2022-08-02,94.3009262084961
2022-08-03,94.55482482910156
2022-08-04,94.2646484375
2022-08-05,95.08434295654297
2022-08-08,100.19110870361328
2022-08-09,99.1755599975586
2022-08-10,102.53412628173828
2022-08-11,102.70821380615234
2022-08-12,100.14032745361328
2022-08-15,99.52374267578125
2022-08-16,100.15483856201172
2022-08-17,99.45121002197266
2022-08-18,97.25328063964844
2022-08-19,95.9693374633789
2022-08-22,95.51957702636719
2022-08-23,96.1071548461914
2022-08-24,94.75067138671875
2022-08-25,96.30300903320312
2022-08-26,96.4698486328125
2022-08-29,94.47502136230469
2022-08-30,94.47502136230469
2022-08-31,93.8149185180664
2022-09-01,91.54442596435547
2022-09-02,91.54442596435547
2022-09-06,91.84185028076172
2022-09-07,91.8998794555664
2022-09-08,92.72682189941406
2022-09-09,94.88124084472656
2022-09-12,95.3890151977539
2022-09-13,92.68329620361328
2022-09-14,92.59625244140625
2022-09-15,92.81387329101562
2022-09-16,92.81387329101562
2022-09-19,94.01802062988281
2022-09-20,95.02632141113281
2022-09-21,95.751708984375
2022-09-22,93.85118865966797
2022-09-23,89.4770736694336
2022-09-26,85.66876220703125
2022-09-27,86.77861022949219
2022-09-28,91.27604675292969
2022-09-29,89.07084655761719
2022-09-30,89.31023406982422
2022-10-03,92.23356628417969
2022-10-04,96.47710418701172
2022-10-05,94.59834289550781
2022-10-06,94.59107208251953
2022-10-07,95.21492004394531
2022-10-10,92.39315032958984
2022-10-11,92.82112121582031
2022-10-12,94.3009262084961
2022-10-13,95.02632141113281
2022-10-14,92.12474822998047
2022-10-17,94.08330535888672
2022-10-18,95.88227081298828
2022-10-19,95.15687561035156
2022-10-20,95.02632141113281
2022-10-21,96.58590698242188
2022-10-24,96.47710418701172
2022-10-25,100.61183166503906
2022-10-26,101.55484008789062
2022-10-27,103.44086456298828
2022-10-28,104.45641326904297
2022-10-31,105.76212310791016
2022-11-01,105.76212310791016
2022-11-02,104.08647155761719
2022-11-03,104.09371185302734
2022-11-04,110.2595443725586
2022-11-07,111.27509307861328
2022-11-08,112.39944458007812
2022-11-09,109.82430267333984
2022-11-10,111.7103271484375
2022-11-11,113.56732940673828
2022-11-14,113.34246063232422
2022-11-15,114.08236694335938
2022-11-16,112.76213836669922
2022-11-17,109.43260192871094
2022-11-18,109.10617065429688
2022-11-21,108.80876922607422
2022-11-22,111.20980072021484
2022-11-23,111.76111602783203
2022-11-25,111.90618896484375
2022-11-28,107.61186218261719
2022-11-29,107.47403717041016
2022-11-30,110.83985900878906
2022-12-01,110.04192352294922
2022-12-02,108.66368103027344
2022-12-05,107.30718994140625
2022-12-06,107.1403579711914
2022-12-07,104.57247924804688
2022-12-08,104.57247924804688
2022-12-09,104.57247924804688
2022-12-12,101.55484008789062
2022-12-13,100.61183166503906
2022-12-14,99.67607879638672
2022-12-15,97.12995147705078
2022-12-16,96.98487091064453
2022-12-19,97.23876953125
2022-12-20,98.65328216552734
2022-12-21,98.43565368652344
2022-12-22,96.57865905761719
2022-12-23,97.74653625488281
2022-12-27,97.02114868164062
2022-12-28,97.71026611328125
2022-12-29,98.32685089111328
2022-12-30,98.1092300415039
2023-01-03,100.00975799560547
2023-01-04,101.1703872680664
2023-01-05,103.0201416015625
2023-01-06,105.58802032470703
2023-01-09,107.42326354980469
2023-01-10,107.98906707763672
2023-01-11,104.60874938964844
2023-01-12,107.25642395019531
2023-01-13,108.17041015625
2023-01-17,104.02117156982422
2023-01-18,103.60044860839844
2023-01-19,103.35380554199219
2023-01-20,102.33102416992188
2023-01-23,102.10614013671875
2023-01-24,100.82220458984375
2023-01-25,100.97452545166016
2023-01-26,102.40354919433594
2023-01-27,102.28748321533203
2023-01-30,96.83979797363281
2023-01-31,96.8760757446289
2023-02-01,96.57140350341797
2023-02-02,98.21803283691406
2023-02-03,98.1817855834961
2023-02-06,98.36312103271484
2023-02-07,99.4149398803711
2023-02-08,100.10406494140625
2023-02-09,99.40042877197266
2023-02-10,91.9071273803711
2023-02-13,95.751708984375
2023-02-14,94.63461303710938
2023-02-15,93.60454559326172
2023-02-16,93.18383026123047
2023-02-17,93.32164001464844
2023-02-21,93.59729766845703
2023-02-22,94.5330581665039
2023-02-23,94.3009262084961
2023-02-24,92.59625244140625
2023-02-27,92.12474822998047
2023-02-28,92.1972885131836
2023-03-01,94.35895538330078
2023-03-02,94.3009262084961
2023-03-03,95.71543884277344
2023-03-06,95.84601593017578
2023-03-07,95.46881103515625
2023-03-08,96.01284790039062
2023-03-09,94.52579498291016
2023-03-10,93.21284484863281
2023-03-13,91.68952178955078
2023-03-14,94.3009262084961
2023-03-15,91.76205444335938
2023-03-16,92.23356628417969
2023-03-17,90.16619873046875
2023-03-20,89.94857788085938
2023-03-21,92.85013580322266
2023-03-22,92.05221557617188
2023-03-23,90.52163696289062
2023-03-24,90.34754180908203
2023-03-27,93.71336364746094
2023-03-28,95.17139434814453
2023-03-29,98.12374114990234
2023-03-30,95.700927734375
2023-03-31,96.04186248779297
2023-04-03,94.91751098632812
2023-04-04,93.95999145507812
2023-04-05,93.99626159667969
2023-04-06,93.99626159667969
2023-04-10,93.4449691772461
2023-04-11,93.5827865600586
2023-04-12,94.15584564208984
2023-04-13,94.30818176269531
2023-04-14,94.7796859741211
2023-04-17,94.7796859741211
2023-04-18,95.91129302978516
2023-04-19,96.67296600341797
2023-04-20,96.25948333740234
2023-04-21,96.36830139160156
2023-04-24,97.20248413085938
2023-04-25,97.05741882324219
2023-04-26,97.09368133544922
2023-04-27,97.07917022705078
2023-04-28,97.9278793334961
2023-05-01,97.9278793334961
2023-05-02,96.04186248779297
2023-05-03,97.615966796875
2023-05-04,95.18590545654297
2023-05-05,102.28023529052734
2023-05-08,106.63258361816406
2023-05-09,105.18904876708984
2023-05-10,103.36832427978516
2023-05-11,102.53412628173828
2023-05-12,99.37866973876953
2023-05-15,99.37866973876953
2023-05-16,97.9278793334961
2023-05-17,99.0159683227539
2023-05-18,98.53884887695312
2023-05-19,101.13398742675781
2023-05-22,101.21031951904297
2023-05-23,101.78276824951172
2023-05-24,101.66827392578125
2023-05-25,102.43154907226562
2023-05-26,100.82868194580078
2023-05-30,99.32502746582031
2023-05-31,98.37093353271484
2023-06-01,100.7523422241211
2023-06-02,104.5687255859375
2023-06-05,105.24040985107422
2023-06-06,106.93488311767578
2023-06-07,106.85855102539062
2023-06-08,107.27835083007812
2023-06-12,108.31641387939453
2023-06-13,109.26286315917969
2023-06-14,111.43820190429688
2023-06-15,113.19374084472656
2023-06-16,113.9570083618164
2023-06-20,113.72802734375
2023-06-21,113.72802734375
2023-06-22,111.81983947753906
2023-06-23,110.6749267578125
2023-06-26,110.59859466552734
2023-06-27,111.05656433105469
2023-06-28,111.05656433105469
2023-06-29,111.05656433105469
2023-06-30,112.85026550292969
2023-07-03,112.96475982666016
2023-07-05,114.64395141601562
2023-07-06,113.42272186279297
2023-07-07,115.71255493164062
2023-07-10,115.81940460205078
2023-07-11,114.26232147216797
2023-07-12,114.26232147216797
2023-07-13,116.43766021728516
2023-07-14,116.17050170898438
2023-07-17,118.7656478881836
2023-07-18,119.07095336914062
2023-07-19,119.14729309082031
2023-07-20,119.45259094238281
2023-07-21,119.68157958984375
2023-07-24,119.49076080322266
2023-07-25,118.46033477783203
2023-07-26,120.21587371826172
2023-07-27,118.53666687011719
2023-07-28,118.53666687011719
2023-07-31,119.6052474975586
2023-08-01,120.90281677246094
2023-08-02,117.54440307617188
2023-08-03,117.54440307617188
2023-08-04,117.53677368164062
2023-08-07,119.07095336914062
2023-08-08,118.91830444335938
2023-08-09,120.44485473632812
2023-08-10,120.21587371826172
2023-08-11,115.06375885009766
2023-08-14,110.6749267578125
2023-08-15,109.14837646484375
2023-08-16,106.85855102539062
2023-08-17,106.70589447021484
2023-08-18,105.86628723144531
2023-08-21,106.85855102539062
2023-08-22,107.46917724609375
2023-08-23,109.56818389892578
2023-08-24,108.76673889160156
2023-08-25,107.621826171875
2023-08-28,109.91165161132812
2023-08-29,111.05656433105469
2023-08-30,111.05656433105469
2023-08-31,107.92713165283203
2023-09-01,109.13311004638672
2023-09-05,106.09527587890625
2023-09-06,104.78244018554688
2023-09-07,103.65279388427734
2023-09-08,102.7750244140625
2023-09-11,103.84361267089844
2023-09-12,104.47713470458984
2023-09-13,104.18708038330078
2023-09-14,105.4083251953125
2023-09-15,103.80545043945312
2023-09-18,103.80545043945312
2023-09-19,103.43143463134766
2023-09-20,102.81318664550781
2023-09-21,101.13398742675781
2023-09-22,100.7523422241211
2023-09-25,101.17214965820312
2023-09-26,98.6915054321289
2023-09-27,99.21817016601562
2023-09-28,98.4625244140625
2023-09-29,97.69924926757812
2023-10-02,94.10421752929688
2023-10-03,95.14228057861328
2023-10-04,94.49349212646484
2023-10-05,94.64614868164062
2023-10-06,96.93596649169922
2023-10-09,97.12678527832031
2023-10-10,96.78331756591797
2023-10-11,98.08088684082031
2023-10-12,96.17269897460938
2023-10-13,95.40941619873047
2023-10-16,97.01229858398438
2023-10-17,96.53907012939453
2023-10-18,95.98188018798828
2023-10-19,96.55433654785156
2023-10-20,94.83696746826172
2023-10-23,93.8447036743164
2023-10-24,96.32534790039062
2023-10-25,97.01229858398438
2023-10-26,98.08088684082031
2023-10-27,95.40941619873047
2023-10-30,96.17269897460938
2023-10-31,95.18043518066406
2023-11-01,95.18043518066406
2023-11-02,97.89006805419922
2023-11-03,93.07379913330078
2023-11-06,92.5471420288086
2023-11-07,92.35631561279297
2023-11-08,92.05101013183594
2023-11-09,91.36405944824219
2023-11-10,92.9669418334961
2023-11-13,89.22689056396484
2023-11-14,92.73796081542969
2023-11-15,93.88286590576172
2023-11-16,95.86738586425781
2023-11-17,97.69924926757812
2023-11-20,100.10356140136719
2023-11-21,98.95864868164062
2023-11-22,97.20311737060547
2023-11-24,99.22579193115234
2023-11-27,95.90554809570312
2023-11-28,96.97413635253906
2023-11-29,96.40167999267578
2023-11-30,95.02777862548828
2023-12-01,97.87479400634766
2023-12-04,96.55433654785156
2023-12-05,97.3176040649414
2023-12-06,96.63065338134766
2023-12-07,94.7759017944336
2023-12-08,94.7759017944336
2023-12-11,94.95146179199219
2023-12-12,95.02777862548828
2023-12-13,99.42424774169922
2023-12-14,106.85855102539062
2023-12-15,114.49130249023438
2023-12-18,115.25457763671875
2023-12-19,117.54440307617188
2023-12-20,115.25457763671875
2023-12-21,116.70479583740234
2023-12-22,116.01785278320312
2023-12-26,116.39949798583984
2023-12-27,115.78887176513672
2023-12-28,115.25457763671875
2023-12-29,114.10966491699219
2024-01-02,112.96475982666016
2024-01-03,111.62902069091797
2024-01-04,111.44583129882812
2024-01-05,111.32371520996094
2024-01-08,112.20147705078125
2024-01-09,112.58311462402344
2024-01-10,111.59849548339844
2024-01-11,110.68255615234375
2024-01-12,112.96475982666016
2024-01-16,114.8729476928711
2024-01-17,113.20136260986328
2024-01-18,114.03333282470703
2024-01-19,113.49140930175781
2024-01-22,114.8729476928711
2024-01-23,113.72802734375
2024-01-24,113.72802734375
2024-01-25,112.96475982666016
2024-01-26,115.06375885009766
2024-01-29,115.24695587158203
2024-01-30,114.10966491699219
2024-01-31,113.89595031738281
2024-02-01,113.72802734375
2024-02-02,114.49130249023438
2024-02-05,112.96475982666016
2024-02-06,117.16276550292969
2024-02-07,117.01011657714844
2024-02-08,116.13233947753906
2024-02-09,117.54440307617188
2024-02-12,117.54440307617188
2024-02-13,120.21587371826172
2024-02-14,120.21587371826172
2024-02-15,128.29132080078125
2024-02-16,129.9094696044922
2024-02-20,127.5051498413086
2024-02-21,127.54331970214844
2024-02-22,129.3751678466797
2024-02-23,130.02395629882812
2024-02-26,130.52008056640625
2024-02-27,130.52008056640625
2024-02-28,130.52008056640625
2024-02-29,130.52008056640625
2024-03-01,130.1460723876953
2024-03-04,130.7872314453125
2024-03-05,130.7872314453125
2024-03-06,132.80990600585938
2024-03-07,132.4282684326172
2024-03-08,133.57318115234375
2024-03-11,133.09996032714844
2024-03-12,133.09996032714844
2024-03-13,131.2146759033203
2024-03-14,131.11544799804688
2024-03-15,131.3596954345703
2024-03-18,131.66500854492188
2024-03-19,129.5659942626953
2024-03-20,135.18370056152344
2024-03-21,135.18370056152344
2024-03-22,132.58091735839844
2024-03-25,130.97805786132812
2024-03-26,129.9857940673828
2024-03-27,128.2684326171875
2024-03-28,128.2684326171875
2024-04-01,127.88679504394531
2024-04-02,127.88679504394531
2024-04-03,128.9935302734375
2024-04-04,129.9094696044922
2024-04-05,132.16111755371094
2024-04-08,132.50460815429688
2024-04-09,130.52008056640625
2024-04-10,128.9935302734375
2024-04-11,128.8408966064453
2024-04-12,126.32206726074219
2024-04-15,122.4980697631836
2024-04-16,122.12405395507812
2024-04-17,122.8873291015625
2024-04-18,122.8873291015625
2024-04-19,125.48246765136719
2024-04-22,127.69596862792969
2024-04-23,129.29884338378906
2024-04-24,128.76454162597656
2024-04-25,128.23788452148438
2024-04-26,127.3143310546875
2024-04-29,128.49742126464844
2024-04-30,126.81819915771484
2024-05-02,126.81819915771484
2024-05-03,128.9935302734375
2024-05-06,128.9935302734375
2024-05-07,128.9935302734375
2024-05-08,133.8784942626953
2024-05-09,133.95481872558594
2024-05-10,134.60360717773438
2024-05-13,130.13844299316406
2024-05-14,130.52008056640625
2024-05-15,132.80990600585938
2024-05-16,132.04664611816406
2024-05-17,132.5205078125
2024-05-20,131.4880828857422
2024-05-21,133.3270721435547
2024-05-22,131.07672119140625
2024-05-23,131.06866455078125
2024-05-24,133.14157104492188
2024-05-28,134.16590881347656
2024-05-29,132.39950561523438
2024-05-30,131.47195434570312
2024-05-31,132.11721801757812
2024-06-03,132.60922241210938
2024-06-04,130.2620849609375
2024-06-05,132.0365447998047
2024-06-06,131.47195434570312
2024-06-10,128.64892578125
2024-06-11,127.19709014892578
2024-06-12,130.03623962402344
2024-06-13,127.94721221923828
2024-06-14,124.53538513183594
2024-06-17,126.04369354248047
2024-06-18,127.27775573730469
2024-06-20,128.24563598632812
2024-06-21,127.4390640258789
2024-06-24,130.66537475585938
2024-06-25,130.66537475585938
2024-06-26,132.2785186767578
2024-06-27,132.2785186767578
2024-06-28,129.05221557617188
2024-07-01,126.7938003540039
2024-07-02,128.7134552001953
2024-07-03,130.66537475585938
2024-07-05,131.31063842773438
2024-07-08,129.85879516601562
2024-07-09,135.3999786376953
2024-07-10,135.74681091308594
2024-07-11,136.3114013671875
2024-07-12,137.17445373535156
2024-07-15,136.56951904296875
2024-07-16,137.11798095703125
2024-07-17,136.51304626464844
2024-07-18,137.40835571289062
2024-07-19,139.90066528320312
2024-07-22,140.02166748046875
2024-07-23,140.02166748046875
2024-07-24,138.6504669189453
2024-07-25,137.68258666992188
2024-07-26,138.7230682373047
2024-07-29,138.7230682373047
2024-07-30,138.73114013671875
2024-07-31,137.52127075195312
2024-08-01,135.10154724121094
2024-08-02,130.74603271484375
2024-08-05,128.24563598632812
2024-08-06,128.24563598632812
2024-08-07,132.2785186767578
2024-08-08,132.2785186767578
2024-08-09,134.91603088378906
2024-08-12,132.6414794921875
2024-08-13,130.66537475585938
2024-08-14,133.08509826660156
2024-08-15,135.6016082763672
2024-08-16,133.2464141845703
2024-08-19,135.6258087158203
2024-08-20,136.17428588867188
2024-08-21,135.6661376953125
2024-08-22,135.5048370361328
2024-08-23,136.84375
2024-08-26,136.6743621826172
2024-08-27,135.98878479003906
2024-08-28,138.73114013671875
2024-08-29,140.3442840576172
2024-08-30,140.3442840576172
2024-09-03,138.6182098388672
2024-09-04,136.71469116210938
2024-09-05,138.97311401367188
2024-09-06,137.8680877685547
2024-09-09,139.5780487060547
2024-09-10,137.1018524169922
2024-09-11,139.99746704101562
2024-09-12,140.50559997558594
2024-09-13,141.15086364746094
2024-09-16,140.74757385253906
2024-09-17,141.07020568847656
2024-09-18,145.5870361328125
2024-09-19,145.34506225585938
2024-09-20,145.82901000976562
2024-09-23,140.70724487304688
2024-09-24,143.65126037597656
2024-09-25,140.9895477294922
2024-09-26,145.70802307128906
2024-09-27,149.2166290283203
2024-09-30,145.99032592773438
2024-10-01,147.11952209472656
2024-10-02,146.2322998046875
2024-10-03,146.97434997558594
2024-10-04,147.6034698486328
2024-10-07,147.11952209472656
2024-10-09,146.7646484375
2024-10-10,149.2166290283203
2024-10-11,150.2651824951172
2024-10-14,150.11192321777344
2024-10-15,148.45037841796875
2024-10-16,150.42649841308594
2024-10-17,151.958984375
2024-10-18,153.24951171875
2024-10-21,151.07176208496094
2024-10-22,150.8297882080078
2024-10-23,152.1203155517578
2024-10-24,152.1283721923828
2024-10-25,153.4350128173828
2024-10-28,153.66085815429688
2024-10-29,152.73330688476562
2024-10-30,151.38632202148438
2024-10-31,148.81333923339844
2024-11-04,146.8372344970703
2024-11-05,146.63558959960938
2024-11-06,148.16807556152344
2024-11-07,147.47442626953125
2024-11-08,149.2166290283203
2024-11-11,149.98287963867188
2024-11-12,152.2332305908203
2024-11-13,152.1767578125
2024-11-14,151.19273376464844
2024-11-15,154.05609130859375
2024-11-18,156.08058166503906
2024-11-19,155.5885772705078
2024-11-20,154.8626708984375
2024-11-21,159.944091796875
2024-11-22,158.89553833007812
2024-11-25,155.46759033203125
2024-11-26,155.22561645507812
2024-11-27,153.24951171875
2024-11-29,151.61216735839844
2024-12-02,154.8626708984375
2024-12-03,155.22561645507812
2024-12-04,153.5318145751953
2024-12-05,155.6692352294922
2024-12-06,153.24951171875
2024-12-10,154.8626708984375
2024-12-11,156.9597625732422
2024-12-12,156.07252502441406
2024-12-13,153.21725463867188
2024-12-16,149.6199188232422
2024-12-17,148.95045471191406
2024-12-18,146.07098388671875
2024-12-19,145.90966796875
2024-12-20,146.9582061767578
2024-12-23,145.99032592773438
2024-12-24,147.03887939453125
2024-12-26,146.9582061767578
2024-12-27,145.8693389892578
2024-12-30,145.82901000976562
2024-12-31,145.18374633789062
2025-01-02,147.61154174804688
2025-01-03,149.34568786621094
2025-01-06,151.515380859375
2025-01-07,150.70880126953125
2025-01-08,148.05516052246094
2025-01-10,144.21585083007812
2025-01-13,145.264404296875
2025-01-14,150.224853515625
2025-01-15,154.4271240234375
2025-01-16,154.2174072265625
2025-01-17,146.07098388671875
2025-01-21,147.6034698486328
2025-01-22,147.03887939453125
2025-01-23,146.7162322998047
2025-01-24,146.3129425048828
2025-01-27,145.18374633789062
2025-01-28,147.6034698486328
2025-01-29,148.41004943847656
2025-01-30,149.13597106933594
2025-01-31,148.41004943847656
2025-02-03,147.44216918945312
2025-02-04,149.59571838378906
2025-02-05,151.13629150390625
2025-02-06,153.49148559570312
2025-02-07,152.44293212890625
2025-02-10,154.5400390625
2025-02-11,151.6363525390625
2025-02-12,149.2166290283203
2025-02-13,148.8617401123047
2025-02-14,149.66024780273438
2025-02-18,149.70057678222656
2025-02-19,148.01483154296875
2025-02-20,149.16824340820312
2025-02-21,144.0142059326172
2025-02-24,145.99032592773438
2025-02-25,145.6515655517578
2025-02-26,147.70025634765625
2025-02-27,147.40182495117188
2025-02-28,144.37716674804688
2025-03-03,149.2166290283203
2025-03-04,149.2166290283203
2025-03-05,147.98257446289062
2025-03-06,146.57106018066406
2025-03-07,146.79690551757812
2025-03-10,144.53848266601562
2025-03-11,145.49024963378906
2025-03-12,148.16807556152344
2025-03-13,148.58749389648438
2025-03-14,151.92672729492188
2025-03-17,151.92672729492188
2025-03-18,153.92703247070312
2025-03-19,155.97573852539062
2025-03-20,158.37127685546875
2025-03-21,154.8707275390625
2025-03-24,154.9029998779297
2025-03-25,158.89553833007812
2025-03-26,155.18528747558594
2025-03-27,154.06414794921875
2025-03-28,151.39437866210938
2025-03-31,150.02320861816406
2025-04-01,154.5400390625
2025-04-02,155.6692352294922
2025-04-03,152.8865509033203
2025-04-04,145.02243041992188
2025-04-07,136.3114013671875
2025-04-08,137.2389678955078
2025-04-09,144.05455017089844
2025-04-10,138.48916625976562
2025-04-11,144.0303497314453
2025-04-14,148.81333923339844
2025-04-15,150.5071563720703
2025-04-16,148.3293914794922
2025-04-17,148.3293914794922
2025-04-21,148.9746551513672
2025-04-22,153.60440063476562
2025-04-23,155.2659454345703
2025-04-24,157.2823944091797
2025-04-25,158.653564453125
2025-04-28,161.31527709960938
2025-04-29,161.79922485351562
2025-04-30,162.12185668945312
2025-05-02,162.12185668945312
2025-05-05,162.12185668945312
2025-05-06,162.52513122558594
2025-05-07,161.8798828125
2025-05-08,164.6222381591797
2025-05-09,164.6222381591797
2025-05-12,163.95278930664062
2025-05-13,166.9613037109375
2025-05-14,166.75965881347656
2025-05-15,169.2197265625
2025-05-16,166.8000030517578
2025-05-19,194.0
2025-05-20,198.0
2025-05-21,200.0
2025-05-22,204.0
2025-05-23,204.0
2025-05-27,203.85000610351562
2025-05-28,208.5
2025-05-29,207.3000030517578
2025-05-30,211.0
2025-06-02,214.0
2025-06-03,216.0500030517578
2025-06-04,213.1999969482422
2025-06-05,213.3000030517578
2025-06-06,216.42999267578125
2025-06-09,216.42999267578125
2025-06-10,216.42999267578125
2025-06-11,216.42999267578125
2025-06-12,218.1999969482422
2025-06-13,216.60000610351562
2025-06-16,219.0
2025-06-17,218.97999572753906
2025-06-18,218.0
2025-06-20,218.5
2025-06-23,215.02999877929688
2025-06-24,218.64999389648438
2025-06-25,217.1999969482422
2025-06-26,222.1199951171875
2025-06-27,223.10000610351562
2025-06-30,224.39999389648438
2025-07-01,221.60000610351562
2025-07-02,224.5
2025-07-03,227.0
2025-07-07,224.0500030517578
2025-07-08,226.1999969482422
2025-07-09,225.4199981689453
2025-07-10,224.6999969482422
2025-07-11,222.0500030517578
2025-07-14,222.0
2025-07-15,222.14999389648438
2025-07-16,221.1999969482422
2025-07-17,225.5
2025-07-18,227.0
2025-07-21,229.0
2025-07-22,231.1999969482422
2025-07-23,231.1999969482422
2025-07-24,237.16000366210938
2025-07-25,235.0
2025-07-28,235.0
2025-07-29,235.0
2025-07-30,233.5
2025-07-31,236.5
2025-08-01,234.60000610351562
2025-08-04,241.5
2025-08-05,241.0
2025-08-07,245.5
2025-08-08,248.5
2025-08-11,249.0800018310547
2025-08-12,251.0
2025-08-13,251.0
2025-08-14,249.5
2025-08-15,251.0
2025-08-18,253.1999969482422
2025-08-19,249.75
2025-08-20,247.8000030517578
2025-08-21,250.89999389648438
2025-08-22,255.0
