Date,NEXI.MI
2019-04-18,7.9120049476623535
2019-04-23,8.007329940795898
2019-04-24,8.122673988342285
2019-04-25,8.009237289428711
2019-04-26,7.7251667976379395
2019-04-29,7.797614574432373
2019-04-30,7.662252426147461
2019-05-02,7.835744380950928
2019-05-03,7.788081645965576
2019-05-06,7.8309783935546875
2019-05-07,7.752811431884766
2019-05-08,7.705148696899414
2019-05-09,7.7213544845581055
2019-05-10,8.040694236755371
2019-05-13,7.943462371826172
2019-05-14,7.9672932624816895
2019-05-15,8.016861915588379
2019-05-16,8.326669692993164
2019-05-17,8.360033988952637
2019-05-20,8.217045783996582
2019-05-21,8.388631820678711
2019-05-22,8.436294555664062
2019-05-23,8.445826530456543
2019-05-24,8.484910011291504
2019-05-27,8.5792818069458
2019-05-28,8.48681640625
2019-05-29,8.407695770263672
2019-05-30,8.384818077087402
2019-05-31,8.293305397033691
2019-06-03,8.384818077087402
2019-06-04,8.474424362182617
2019-06-05,8.533525466918945
2019-06-06,8.766119956970215
2019-06-07,8.88718318939209
2019-06-10,8.893856048583984
2019-06-11,8.722270011901855
2019-06-12,8.626944541931152
2019-06-13,8.831894874572754
2019-06-14,8.779465675354004
2019-06-17,8.742287635803223
2019-06-18,8.832847595214844
2019-06-19,8.73752212524414
2019-06-20,8.75086784362793
2019-06-21,8.687952995300293
2019-06-24,8.621225357055664
2019-06-25,8.409602165222168
2019-06-26,8.511601448059082
2019-06-27,8.586908340454102
2019-06-28,8.637430191040039
2019-07-01,8.667935371398926
2019-07-02,8.646963119506836
2019-07-03,8.711784362792969
2019-07-04,8.648869514465332
2019-07-05,8.688905715942383
2019-07-08,8.803296089172363
2019-07-09,8.922452926635742
2019-07-10,9.08641242980957
2019-07-11,9.24465274810791
2019-07-12,9.27515697479248
2019-07-15,9.264671325683594
2019-07-16,9.27515697479248
2019-07-17,9.254185676574707
2019-07-18,9.214149475097656
2019-07-19,9.124543190002441
2019-07-22,9.084506034851074
2019-07-23,9.135028839111328
2019-07-24,9.200803756713867
2019-07-25,9.272297859191895
2019-07-26,9.344744682312012
2019-07-29,9.301848411560059
2019-07-30,9.103571891784668
2019-07-31,9.22177505493164
2019-08-01,9.376202583312988
2019-08-02,9.246559143066406
2019-08-05,9.189364433288574
2019-08-06,9.15123462677002
2019-08-07,9.265625
2019-08-08,9.484872817993164
2019-08-09,9.315194129943848
2019-08-12,9.398127555847168
2019-08-13,9.41147232055664
2019-08-14,9.341885566711426
2019-08-16,9.341885566711426
2019-08-19,9.470574378967285
2019-08-20,9.47724723815918
2019-08-21,9.59163761138916
2019-08-22,9.484872817993164
2019-08-23,9.365715980529785
2019-08-26,9.42481803894043
2019-08-27,9.484872817993164
2019-08-28,9.40384578704834
2019-08-29,9.484872817993164
2019-08-30,9.448649406433105
2019-09-02,9.43339729309082
2019-09-03,9.461041450500488
2019-09-04,9.473433494567871
2019-09-05,9.308521270751953
2019-09-06,9.19127082824707
2019-09-09,9.242746353149414
2019-09-10,8.850958824157715
2019-09-11,9.055909156799316
2019-09-12,9.074974060058594
2019-09-13,8.960582733154297
2019-09-16,8.900528907775879
2019-09-17,9.017778396606445
2019-09-18,9.210335731506348
2019-09-19,9.332352638244629
2019-09-20,9.427678108215332
2019-09-23,9.27420425415039
2019-09-24,9.264671325683594
2019-09-25,9.23702621459961
2019-09-26,8.937705993652344
2019-09-27,8.941518783569336
2019-09-30,8.91864013671875
2019-10-01,8.850958824157715
2019-10-02,8.730850219726562
2019-10-03,8.84238052368164
2019-10-04,8.917686462402344
2019-10-07,8.817595481872559
2019-10-08,8.786138534545898
2019-10-09,8.91006088256836
2019-10-10,9.075926780700684
2019-10-11,9.034936904907227
2019-10-14,8.97202205657959
2019-10-15,8.989181518554688
2019-10-16,9.227495193481445
2019-10-17,9.087366104125977
2019-10-18,9.246559143066406
2019-10-21,9.294221878051758
2019-10-22,9.341885566711426
2019-10-23,9.228447914123535
2019-10-24,9.040657043457031
2019-10-25,8.97964859008789
2019-10-28,9.023497581481934
2019-10-29,9.055909156799316
2019-10-30,8.951051712036133
2019-10-31,8.838567733764648
2019-11-01,8.985367774963379
2019-11-04,8.975835800170898
2019-11-05,8.91864013671875
2019-11-06,8.94819164276123
2019-11-07,9.007293701171875
2019-11-08,8.820455551147461
2019-11-11,8.697484970092773
2019-11-12,8.75086784362793
2019-11-13,8.768026351928711
2019-11-14,8.855725288391113
2019-11-15,8.846193313598633
2019-11-18,8.908154487609863
2019-11-19,8.931985855102539
2019-11-20,9.370482444763184
2019-11-21,9.459135055541992
2019-11-22,9.532535552978516
2019-11-25,9.574478149414062
2019-11-26,9.671710968017578
2019-11-27,10.011069297790527
2019-11-28,10.06826400756836
2019-11-29,10.199812889099121
2019-12-02,9.83376407623291
2019-12-03,9.89477252960205
2019-12-04,9.850921630859375
2019-12-05,9.837576866149902
2019-12-06,9.978658676147461
2019-12-09,9.913836479187012
2019-12-10,10.09876823425293
2019-12-11,10.48578929901123
2019-12-12,10.743167877197266
2019-12-13,10.684065818786621
2019-12-16,11.038676261901855
2019-12-17,10.65737533569336
2019-12-18,10.430500984191895
2019-12-19,10.870903968811035
2019-12-20,11.126375198364258
2019-12-23,11.29605484008789
2019-12-27,11.648758888244629
2019-12-30,11.801279067993164
2020-01-02,12.010994911193848
2020-01-03,11.988117218017578
2020-01-06,11.51720905303955
2020-01-07,11.585844039916992
2020-01-08,11.618254661560059
2020-01-09,11.805091857910156
2020-01-10,11.55152702331543
2020-01-13,11.732644081115723
2020-01-14,11.887072563171387
2020-01-15,12.016714096069336
2020-01-16,12.201645851135254
2020-01-17,12.201645851135254
2020-01-20,12.201645851135254
2020-01-21,12.010994911193848
2020-01-22,12.192112922668457
2020-01-23,12.108226776123047
2020-01-24,12.335101127624512
2020-01-27,12.085349082946777
2020-01-28,12.573413848876953
2020-01-29,12.878456115722656
2020-01-30,12.592479705810547
2020-01-31,12.20355224609375
2020-02-03,12.804101943969727
2020-02-04,12.630609512329102
2020-02-05,12.695430755615234
2020-02-06,12.602012634277344
2020-02-07,12.712590217590332
2020-02-10,13.154899597167969
2020-02-11,13.4065580368042
2020-02-12,13.351268768310547
2020-02-13,13.955632209777832
2020-02-14,14.592405319213867
2020-02-17,15.156731605529785
2020-02-18,15.294000625610352
2020-02-19,15.620012283325195
2020-02-20,15.17198371887207
2020-02-21,15.391231536865234
2020-02-24,14.066208839416504
2020-02-25,14.230169296264648
2020-02-26,14.72204875946045
2020-02-27,14.00520133972168
2020-02-28,13.86793327331543
2020-03-02,14.127217292785645
2020-03-03,14.23398208618164
2020-03-04,13.822176933288574
2020-03-05,13.433249473571777
2020-03-06,13.555266380310059
2020-03-09,12.092974662780762
2020-03-10,11.467639923095703
2020-03-11,11.723113059997559
2020-03-12,9.437210083007812
2020-03-13,10.237942695617676
2020-03-16,9.505845069885254
2020-03-17,9.228447914123535
2020-03-18,8.453453063964844
2020-03-19,8.217045783996582
2020-03-20,8.809016227722168
2020-03-23,9.820418357849121
2020-03-24,11.49814510345459
2020-03-25,11.587750434875488
2020-03-26,11.60490894317627
2020-03-27,10.739354133605957
2020-03-30,11.324652671813965
2020-03-31,11.303680419921875
2020-04-01,11.181663513183594
2020-04-02,11.629693031311035
2020-04-03,11.729784965515137
2020-04-06,12.535284042358398
2020-04-07,12.492387771606445
2020-04-08,12.23500919342041
2020-04-09,12.368465423583984
2020-04-14,13.09770393371582
2020-04-15,12.049125671386719
2020-04-16,12.373230934143066
2020-04-17,12.86892318725586
2020-04-20,12.621076583862305
2020-04-21,12.420893669128418
2020-04-22,12.597246170043945
2020-04-23,12.740233421325684
2020-04-24,13.011910438537598
2020-04-27,13.512369155883789
2020-04-28,13.135833740234375
2020-04-29,13.250224113464355
2020-04-30,13.178730010986328
2020-05-04,12.549583435058594
2020-05-05,12.616311073303223
2020-05-06,12.678272247314453
2020-05-07,13.164432525634766
2020-05-08,13.307419776916504
2020-05-11,13.293120384216309
2020-05-12,13.879372596740723
2020-05-13,13.397978782653809
2020-05-14,13.197795867919922
2020-05-15,13.536200523376465
2020-05-18,13.67918872833252
2020-05-19,13.107236862182617
2020-05-20,13.102470397949219
2020-05-21,14.108153343200684
2020-05-22,14.627676010131836
2020-05-25,14.94225025177002
2020-05-26,14.589546203613281
2020-05-27,13.44564151763916
2020-05-28,13.71731948852539
2020-05-29,14.07955551147461
2020-06-01,14.08908748626709
2020-06-02,14.336934089660645
2020-06-03,14.3702974319458
2020-06-04,14.260673522949219
2020-06-05,14.131983757019043
2020-06-08,13.57433032989502
2020-06-09,13.917502403259277
2020-06-10,14.14151668548584
2020-06-11,13.593396186828613
2020-06-12,13.49807071685791
2020-06-15,13.96039867401123
2020-06-16,14.19394588470459
2020-06-17,14.632442474365234
2020-06-18,14.446557998657227
2020-06-19,14.346466064453125
2020-06-22,14.413193702697754
2020-06-23,14.451323509216309
2020-06-24,14.084321022033691
2020-06-25,14.384596824645996
2020-06-26,14.351232528686523
2020-06-29,14.846923828125
2020-06-30,14.68010425567627
2020-07-01,15.318784713745117
2020-07-02,15.476072311401367
2020-07-03,15.347382545471191
2020-07-06,15.328317642211914
2020-07-07,15.418875694274902
2020-07-08,15.266355514526367
2020-07-09,14.904119491577148
2020-07-10,14.904119491577148
2020-07-13,15.209160804748535
2020-07-14,14.88982105255127
2020-07-15,14.856456756591797
2020-07-16,14.904119491577148
2020-07-17,15.01374340057373
2020-07-20,15.261590003967285
2020-07-21,15.085237503051758
2020-07-22,15.090003967285156
2020-07-23,15.204394340515137
2020-07-24,14.274972915649414
2020-07-27,14.20347785949707
2020-07-28,13.92226791381836
2020-07-29,14.155816078186035
2020-07-30,14.112919807434082
2020-07-31,14.456089973449707
2020-08-03,14.746832847595215
2020-08-04,14.518051147460938
2020-08-05,14.460856437683105
2020-08-06,14.25590705871582
2020-08-07,14.675338745117188
2020-08-10,14.441791534423828
2020-08-11,14.494220733642578
2020-08-12,14.446557998657227
2020-08-13,14.332167625427246
2020-08-14,14.117685317993164
2020-08-17,14.341699600219727
2020-08-18,14.222543716430664
2020-08-19,14.3750638961792
2020-08-20,14.165348052978516
2020-08-21,14.251140594482422
2020-08-24,14.131983757019043
2020-08-25,14.274972915649414
2020-08-26,14.346466064453125
2020-08-27,14.160581588745117
2020-08-28,14.122450828552246
2020-08-31,14.217777252197266
2020-09-01,14.484687805175781
2020-09-02,14.441791534423828
2020-09-03,13.774514198303223
2020-09-04,13.540966987609863
2020-09-07,14.494220733642578
2020-09-08,14.274972915649414
2020-09-09,14.618143081665039
2020-09-10,15.614293098449707
2020-09-11,15.58569622039795
2020-09-14,15.590461730957031
2020-09-15,16.06232261657715
2020-09-16,16.33876609802246
2020-09-17,16.033723831176758
2020-09-18,16.438858032226562
2020-09-21,16.1147518157959
2020-09-22,16.372129440307617
2020-09-23,16.438858032226562
2020-09-24,16.13858413696289
2020-09-25,15.971762657165527
2020-09-28,16.05278968811035
2020-09-29,16.071855545043945
2020-09-30,16.3197021484375
2020-10-01,16.619976043701172
2020-10-02,16.095685958862305
2020-10-05,16.60091209411621
2020-10-06,16.067089080810547
2020-10-07,15.156731605529785
2020-10-08,15.36168098449707
2020-10-09,15.118600845336914
2020-10-12,15.337849617004395
2020-10-13,15.252057075500488
2020-10-14,14.927950859069824
2020-10-15,14.570480346679688
2020-10-16,14.77066421508789
2020-10-19,14.48945426940918
2020-10-20,14.48945426940918
2020-10-21,14.084321022033691
2020-10-22,14.155816078186035
2020-10-23,14.222543716430664
2020-10-26,13.636292457580566
2020-10-27,13.374147415161133
2020-10-28,12.783130645751953
2020-10-29,12.773597717285156
2020-10-30,12.573413848876953
2020-11-02,12.249308586120605
2020-11-03,12.878456115722656
2020-11-04,13.736383438110352
2020-11-05,13.593396186828613
2020-11-06,13.92226791381836
2020-11-09,14.365530967712402
2020-11-10,14.117685317993164
2020-11-11,13.993762969970703
2020-11-12,14.20347785949707
2020-11-13,14.022359848022461
2020-11-16,14.117685317993164
2020-11-17,14.060489654541016
2020-11-18,14.503752708435059
2020-11-19,14.59431266784668
2020-11-20,14.851690292358398
2020-11-23,14.870756149291992
2020-11-24,14.68010425567627
2020-11-25,14.818326950073242
2020-11-26,15.004210472106934
2020-11-27,15.147199630737305
2020-11-30,15.061406135559082
2020-12-01,14.818326950073242
2020-12-02,14.68010425567627
2020-12-03,14.89935302734375
2020-12-04,15.151966094970703
2020-12-07,15.395044326782227
2020-12-08,15.447473526000977
2020-12-09,15.51896858215332
2020-12-10,15.280654907226562
2020-12-11,15.476072311401367
2020-12-14,15.347382545471191
2020-12-15,15.204394340515137
2020-12-16,15.609527587890625
2020-12-17,15.728683471679688
2020-12-18,15.48083782196045
2020-12-21,15.156731605529785
2020-12-22,15.65718936920166
2020-12-23,15.58569622039795
2020-12-28,15.633358001708984
2020-12-29,15.619059562683105
2020-12-30,15.576163291931152
2021-01-04,15.781112670898438
2021-01-05,15.371213912963867
2021-01-06,15.06617259979248
2021-01-07,15.051874160766602
2021-01-08,15.113835334777832
2021-01-11,14.980380058288574
2021-01-12,14.59431266784668
2021-01-13,14.756364822387695
2021-01-14,14.522817611694336
2021-01-15,14.537117004394531
2021-01-18,14.618143081665039
2021-01-19,14.513285636901855
2021-01-20,14.794495582580566
2021-01-21,14.570480346679688
2021-01-22,14.351232528686523
2021-01-25,13.774514198303223
2021-01-26,14.189179420471191
2021-01-27,13.760215759277344
2021-01-28,14.227309226989746
2021-01-29,13.965164184570312
2021-02-01,14.355998992919922
2021-02-02,14.65627384185791
2021-02-03,14.88982105255127
2021-02-04,15.094770431518555
2021-02-05,15.285420417785645
2021-02-08,15.595229148864746
2021-02-09,15.10906982421875
2021-02-10,14.923184394836426
2021-02-11,15.151966094970703
2021-02-12,15.452239036560059
2021-02-15,15.719151496887207
2021-02-16,15.828775405883789
2021-02-17,15.137666702270508
2021-02-18,14.799261093139648
2021-02-19,14.794495582580566
2021-02-22,14.48945426940918
2021-02-23,14.327401161193848
2021-02-24,14.403660774230957
2021-02-25,14.213010787963867
2021-02-26,14.189179420471191
2021-03-01,14.575246810913086
2021-03-02,14.751599311828613
2021-03-03,14.327401161193848
2021-03-04,14.127217292785645
2021-03-05,13.62675952911377
2021-03-08,14.165348052978516
2021-03-09,14.298803329467773
2021-03-10,14.270206451416016
2021-03-11,14.632442474365234
2021-03-12,14.522817611694336
2021-03-15,14.151049613952637
2021-03-16,14.355998992919922
2021-03-17,14.42272663116455
2021-03-18,14.036659240722656
2021-03-19,13.979463577270508
2021-03-22,13.85554027557373
2021-03-23,13.950865745544434
2021-03-24,14.313102722167969
2021-03-25,13.841241836547852
2021-03-26,13.879372596740723
2021-03-29,13.893671035766602
2021-03-30,13.950865745544434
2021-03-31,14.184412956237793
2021-04-01,14.170114517211914
2021-04-06,14.08908748626709
2021-04-07,14.584779739379883
2021-04-08,14.479921340942383
2021-04-09,14.65627384185791
2021-04-12,14.78496265411377
2021-04-13,14.82309341430664
2021-04-14,14.794495582580566
2021-04-15,14.580013275146484
2021-04-16,14.508519172668457
2021-04-19,14.54188346862793
2021-04-20,14.208244323730469
2021-04-21,14.394128799438477
2021-04-22,15.10906982421875
2021-04-23,15.090003967285156
2021-04-26,15.118600845336914
2021-04-27,15.280654907226562
2021-04-28,15.242524147033691
2021-04-29,15.275888442993164
2021-04-30,15.19486141204834
2021-05-03,15.24729061126709
2021-05-04,14.613377571105957
2021-05-05,14.78496265411377
2021-05-06,14.661040306091309
2021-05-07,14.88982105255127
2021-05-10,14.68010425567627
2021-05-11,14.627676010131836
2021-05-12,14.451323509216309
2021-05-13,14.932717323303223
2021-05-14,15.252057075500488
2021-05-17,15.190095901489258
2021-05-18,15.128133773803711
2021-05-19,14.918417930603027
2021-05-20,15.228225708007812
2021-05-21,15.51896858215332
2021-05-24,15.619059562683105
2021-05-25,15.719151496887207
2021-05-26,15.490370750427246
2021-05-27,15.51896858215332
2021-05-28,15.885972023010254
2021-05-31,15.766815185546875
2021-06-01,15.876439094543457
2021-06-02,15.847840309143066
2021-06-03,15.728683471679688
2021-06-04,15.728683471679688
2021-06-07,15.862138748168945
2021-06-08,16.15764808654785
2021-06-09,16.60091209411621
2021-06-10,16.634275436401367
2021-06-11,16.762962341308594
2021-06-14,16.67717170715332
2021-06-15,16.662872314453125
2021-06-16,16.915485382080078
2021-06-17,17.09183692932129
2021-06-18,16.73436737060547
2021-06-21,16.953615188598633
2021-06-22,16.915485382080078
2021-06-23,17.072771072387695
2021-06-24,17.763879776000977
2021-06-25,17.949764251708984
2021-06-28,17.911636352539062
2021-06-29,17.697153091430664
2021-06-30,17.644723892211914
2021-07-01,17.85443878173828
2021-07-02,18.111818313598633
2021-07-05,18.111818313598633
2021-07-06,18.312000274658203
2021-07-07,18.497886657714844
2021-07-08,17.778179168701172
2021-07-09,17.673322677612305
2021-07-12,17.89257049560547
2021-07-13,17.93069839477539
2021-07-14,17.821075439453125
2021-07-15,17.36827850341797
2021-07-16,17.454072952270508
2021-07-19,17.01557731628418
2021-07-20,17.029874801635742
2021-07-21,17.482669830322266
2021-07-22,17.744815826416016
2021-07-23,18.111818313598633
2021-07-26,17.778179168701172
2021-07-27,17.506502151489258
2021-07-28,17.825841903686523
2021-07-29,17.973594665527344
2021-07-30,17.234825134277344
2021-08-02,17.2634220123291
2021-08-03,16.872589111328125
2021-08-04,16.82492446899414
2021-08-05,16.54848289489746
2021-08-06,16.41502571105957
2021-08-09,16.739131927490234
2021-08-10,16.605676651000977
2021-08-11,16.62474250793457
2021-08-12,16.67717170715332
2021-08-13,16.591379165649414
2021-08-16,16.505586624145508
2021-08-17,16.57231330871582
2021-08-18,16.634275436401367
2021-08-19,16.762962341308594
2021-08-20,16.49128532409668
2021-08-23,16.967912673950195
2021-08-24,16.843990325927734
2021-08-25,16.73436737060547
2021-08-26,16.70100212097168
2021-08-27,16.74866485595703
2021-08-30,16.74866485595703
2021-08-31,16.820159912109375
2021-09-01,17.134733200073242
2021-09-02,16.953615188598633
2021-09-03,16.82492446899414
2021-09-06,17.22052574157715
2021-09-07,17.287254333496094
2021-09-08,16.95838165283203
2021-09-09,17.072771072387695
2021-09-10,17.01080894470215
2021-09-13,17.14426612854004
2021-09-14,17.025110244750977
2021-09-15,16.739131927490234
2021-09-16,17.225292205810547
2021-09-17,17.377811431884766
2021-09-20,16.834457397460938
2021-09-21,16.967912673950195
2021-09-22,16.69623565673828
2021-09-23,16.77249526977539
2021-09-24,16.710535049438477
2021-09-27,16.64857292175293
2021-09-28,15.962231636047363
2021-09-29,15.862138748168945
2021-09-30,15.404577255249023
2021-10-01,15.499903678894043
2021-10-04,15.090003967285156
2021-10-05,15.337849617004395
2021-10-06,15.447473526000977
2021-10-07,15.800178527832031
2021-10-08,15.476072311401367
2021-10-11,15.380746841430664
2021-10-12,15.232991218566895
2021-10-13,15.6381254196167
2021-10-14,16.071855545043945
2021-10-15,16.233909606933594
2021-10-18,16.310169219970703
2021-10-19,16.310169219970703
2021-10-20,16.181480407714844
2021-10-21,16.300636291503906
2021-10-22,16.49128532409668
2021-10-25,16.705768585205078
2021-10-26,16.78679656982422
2021-10-27,15.671488761901855
2021-10-28,14.251140594482422
2021-10-29,14.32263469696045
2021-11-01,13.936567306518555
2021-11-02,13.698253631591797
2021-11-03,13.860306739807129
2021-11-04,14.074789047241211
2021-11-05,14.532350540161133
2021-11-08,14.103386878967285
2021-11-09,13.822176933288574
2021-11-10,13.993762969970703
2021-11-11,14.589546203613281
2021-11-12,14.870756149291992
2021-11-15,14.761131286621094
2021-11-16,14.618143081665039
2021-11-17,13.946100234985352
2021-11-18,13.884138107299805
2021-11-19,13.755449295043945
2021-11-22,13.193029403686523
2021-11-23,13.393213272094727
2021-11-24,13.326484680175781
2021-11-25,13.450407981872559
2021-11-26,13.083405494689941
2021-11-29,13.15013313293457
2021-11-30,12.92135238647461
2021-12-01,13.197795867919922
2021-12-02,13.107236862182617
2021-12-03,12.706870079040527
2021-12-06,13.040509223937988
2021-12-07,13.74114990234375
2021-12-08,13.698253631591797
2021-12-09,13.769747734069824
2021-12-10,13.583863258361816
2021-12-13,13.417043685913086
2021-12-14,13.221627235412598
2021-12-15,13.393213272094727
2021-12-16,13.159666061401367
2021-12-17,13.302653312683105
2021-12-20,12.916585922241211
2021-12-21,13.17396354675293
2021-12-22,13.235925674438477
2021-12-23,13.336017608642578
2021-12-27,13.407510757446289
2021-12-28,13.469472885131836
2021-12-29,13.293120384216309
2021-12-30,13.336017608642578
2022-01-03,13.645824432373047
2022-01-04,13.650590896606445
2022-01-05,13.903203010559082
2022-01-06,13.807877540588379
2022-01-07,13.38368034362793
2022-01-10,12.744999885559082
2022-01-11,12.86892318725586
2022-01-12,13.09770393371582
2022-01-13,13.026209831237793
2022-01-14,12.902286529541016
2022-01-17,12.878456115722656
2022-01-18,12.668740272521973
2022-01-19,13.007144927978516
2022-01-20,13.240692138671875
2022-01-21,13.002379417419434
2022-01-24,12.33033561706543
2022-01-25,12.072956085205078
2022-01-26,12.44472599029541
2022-01-27,12.358932495117188
2022-01-28,12.12061882019043
2022-01-31,12.306503295898438
2022-02-01,13.059574127197266
2022-02-02,12.93088436126709
2022-02-03,12.41612720489502
2022-02-04,12.425660133361816
2022-02-07,12.454257011413574
2022-02-08,12.292204856872559
2022-02-09,12.878456115722656
2022-02-10,12.239775657653809
2022-02-11,12.072956085205078
2022-02-14,12.053892135620117
2022-02-15,12.1587495803833
2022-02-16,12.387530326843262
2022-02-17,12.001462936401367
2022-02-18,11.720252990722656
2022-02-21,11.839409828186035
2022-02-22,11.944267272949219
2022-02-23,11.829876899719238
2022-02-24,11.629693031311035
2022-02-25,11.65829086303711
2022-02-28,11.69642162322998
2022-03-01,11.11970329284668
2022-03-02,11.05297565460205
2022-03-03,10.676440238952637
2022-03-04,9.975798606872559
2022-03-07,9.723186492919922
2022-03-08,9.460087776184082
2022-03-09,10.066357612609863
2022-03-10,9.680289268493652
2022-03-11,9.575431823730469
2022-03-14,9.62309455871582
2022-03-15,9.57066535949707
2022-03-16,10.161683082580566
2022-03-17,10.133085250854492
2022-03-18,10.357099533081055
2022-03-21,10.37139892578125
2022-03-22,10.504855155944824
2022-03-23,10.309436798095703
2022-03-24,10.342801094055176
2022-03-25,10.366632461547852
2022-03-28,10.309436798095703
2022-03-29,10.805129051208496
2022-03-30,10.457191467285156
2022-03-31,10.009162902832031
2022-04-01,9.847108840942383
2022-04-04,10.028227806091309
2022-04-05,9.813745498657227
2022-04-06,9.290409088134766
2022-04-07,9.109291076660156
2022-04-08,9.023497581481934
2022-04-11,8.693672180175781
2022-04-12,8.899576187133789
2022-04-13,8.661262512207031
2022-04-14,8.693672180175781
2022-04-19,8.617412567138672
2022-04-20,8.752774238586426
2022-04-21,8.747054100036621
2022-04-22,8.64600944519043
2022-04-25,8.552591323852539
2022-04-26,8.356220245361328
2022-04-27,8.722270011901855
2022-04-28,8.960582733154297
2022-04-29,8.981554985046387
2022-05-02,8.998713493347168
2022-05-03,9.038750648498535
2022-05-04,8.97964859008789
2022-05-05,8.920546531677246
2022-05-06,8.916733741760254
2022-05-09,8.808062553405762
2022-05-10,8.754680633544922
2022-05-11,8.937705993652344
2022-05-12,8.661262512207031
2022-05-13,8.598347663879395
2022-05-16,8.197980880737305
2022-05-17,8.541152000427246
2022-05-18,8.188447952270508
2022-05-19,8.272335052490234
2022-05-20,8.640290260314941
2022-05-23,8.80424976348877
2022-05-24,8.680326461791992
2022-05-25,8.766119956970215
2022-05-26,9.052096366882324
2022-05-27,9.246559143066406
2022-05-30,9.256092071533203
2022-05-31,9.036843299865723
2022-06-01,8.996807098388672
2022-06-02,9.019684791564941
2022-06-03,8.76039981842041
2022-06-06,9.095945358276367
2022-06-07,8.943425178527832
2022-06-08,8.693672180175781
2022-06-09,8.358126640319824
2022-06-10,7.7785491943359375
2022-06-13,7.164653778076172
2022-06-14,6.968283653259277
2022-06-15,7.235194683074951
2022-06-16,7.313361167907715
2022-06-17,7.7251667976379395
2022-06-20,7.542142391204834
2022-06-21,7.59743070602417
2022-06-22,7.772830009460449
2022-06-23,7.637467861175537
2022-06-24,7.89293909072876
2022-06-27,7.677504062652588
2022-06-28,7.688943386077881
2022-06-29,7.658439636230469
2022-06-30,7.534515857696533
2022-07-01,7.477320671081543
2022-07-04,7.454442977905273
2022-07-05,7.372463226318359
2022-07-06,7.702288627624512
2022-07-07,7.875781059265137
2022-07-08,7.89293909072876
2022-07-11,7.73279333114624
2022-07-12,7.856715679168701
2022-07-13,7.641280174255371
2022-07-14,7.319080829620361
2022-07-15,7.475414276123047
2022-07-18,7.675597667694092
2022-07-19,7.929162979125977
2022-07-20,7.833837985992432
2022-07-21,7.906284809112549
2022-07-22,7.902472019195557
2022-07-25,7.891032695770264
2022-07-26,7.728979587554932
2022-07-27,8.417228698730469
2022-07-28,8.470610618591309
2022-07-29,8.440107345581055
2022-08-01,8.46489143371582
2022-08-02,8.375286102294922
2022-08-03,8.45535945892334
2022-08-04,8.438200950622559
2022-08-05,8.272335052490234
2022-08-08,8.35050106048584
2022-08-09,8.146504402160645
2022-08-10,8.38100528717041
2022-08-11,8.457265853881836
2022-08-12,8.886229515075684
2022-08-16,8.76039981842041
2022-08-17,8.53161907196045
2022-08-18,8.649823188781738
2022-08-19,8.447733879089355
2022-08-22,8.220858573913574
2022-08-23,8.1998872756958
2022-08-24,8.333342552185059
2022-08-25,8.125533103942871
2022-08-26,7.687036991119385
2022-08-29,7.553581237792969
2022-08-30,7.765203475952148
2022-08-31,7.818585395812988
2022-09-01,7.772830009460449
2022-09-02,7.948228359222412
2022-09-05,7.86052942276001
2022-09-06,7.982544898986816
2022-09-07,7.816679000854492
2022-09-08,7.881500244140625
2022-09-09,8.09884262084961
2022-09-12,8.26661491394043
2022-09-13,8.102655410766602
2022-09-14,8.407695770263672
2022-09-15,8.529712677001953
2022-09-16,8.302838325500488
2022-09-19,8.312371253967285
2022-09-20,8.430574417114258
2022-09-21,8.651729583740234
2022-09-22,8.34096908569336
2022-09-23,7.992077827453613
2022-09-26,8.022582054138184
2022-09-27,8.238017082214355
2022-09-28,8.00161075592041
2022-09-29,7.685130596160889
2022-09-30,7.952041149139404
2022-10-03,7.971107006072998
2022-10-04,8.483956336975098
2022-10-05,8.276147842407227
2022-10-06,8.392444610595703
2022-10-07,8.180822372436523
2022-10-10,8.268521308898926
2022-10-11,8.184635162353516
2022-10-12,7.9672932624816895
2022-10-13,7.9272565841674805
2022-10-14,8.11600112915039
2022-10-17,8.461078643798828
2022-10-18,8.779465675354004
2022-10-19,8.440107345581055
2022-10-20,8.594533920288086
2022-10-21,8.352407455444336
2022-10-24,8.504928588867188
2022-10-25,8.369565963745117
2022-10-26,8.382911682128906
2022-10-27,8.436294555664062
2022-10-28,8.321903228759766
2022-10-31,8.360033988952637
2022-11-01,8.281867027282715
2022-11-02,8.117907524108887
2022-11-03,7.921537399291992
2022-11-04,8.171289443969727
2022-11-07,8.476330757141113
2022-11-08,8.5792818069458
2022-11-09,8.4992094039917
2022-11-10,9.311380386352539
2022-11-11,9.482966423034668
2022-11-14,9.303754806518555
2022-11-15,8.388631820678711
2022-11-16,8.234204292297363
2022-11-17,8.203700065612793
2022-11-18,8.232297897338867
2022-11-21,7.976825714111328
2022-11-22,7.961574077606201
2022-11-23,7.973012924194336
2022-11-24,8.148411750793457
2022-11-25,8.161757469177246
2022-11-28,8.106468200683594
2022-11-29,7.950134754180908
2022-11-30,8.011143684387207
2022-12-01,8.06261920928955
2022-12-02,8.081683158874512
2022-12-05,7.763297080993652
2022-12-06,7.523077487945557
2022-12-07,7.437284469604492
2022-12-08,7.454442977905273
2022-12-09,7.380089282989502
2022-12-12,7.4677886962890625
2022-12-13,7.603150367736816
2022-12-14,7.5650200843811035
2022-12-15,7.168467044830322
2022-12-16,7.015946388244629
2022-12-19,7.177999496459961
2022-12-20,7.027385711669922
2022-12-21,7.1856255531311035
2022-12-22,7.042637348175049
2022-12-23,7.076954364776611
2022-12-27,7.00260066986084
2022-12-28,7.0235724449157715
2022-12-29,7.1875319480896
2022-12-30,7.021666049957275
2023-01-02,7.195158004760742
2023-01-03,7.2142229080200195
2023-01-04,7.361024379730225
2023-01-05,7.239007472991943
2023-01-06,7.389621734619141
2023-01-09,7.494479656219482
2023-01-10,7.469695091247559
2023-01-11,7.7270731925964355
2023-01-12,7.814772605895996
2023-01-13,7.973012924194336
2023-01-16,7.961574077606201
2023-01-17,7.948228359222412
2023-01-18,7.902472019195557
2023-01-19,7.650813102722168
2023-01-20,7.7671098709106445
2023-01-23,7.7671098709106445
2023-01-24,7.763297080993652
2023-01-25,7.626028537750244
2023-01-26,7.639374256134033
2023-01-27,7.7499518394470215
2023-01-30,7.679410457611084
2023-01-31,7.683224201202393
2023-02-01,7.828118324279785
2023-02-02,8.295211791992188
2023-02-03,8.064525604248047
2023-02-06,7.9691996574401855
2023-02-07,7.999704360961914
2023-02-08,7.959667682647705
2023-02-09,8.02448844909668
2023-02-10,7.715634346008301
2023-02-13,7.463975429534912
2023-02-14,7.435378074645996
2023-02-15,7.410593509674072
2023-02-16,7.507824897766113
2023-02-17,7.4830403327941895
2023-02-20,7.336239337921143
2023-02-21,7.206596851348877
2023-02-22,7.1741862297058105
2023-02-23,7.216129779815674
2023-02-24,7.082674026489258
2023-02-27,7.2542595863342285
2023-02-28,7.2942962646484375
2023-03-01,7.149401664733887
2023-03-02,7.22756814956665
2023-03-03,7.4029669761657715
2023-03-06,7.521170616149902
2023-03-07,7.290482997894287
2023-03-08,7.341958999633789
2023-03-09,7.443004131317139
2023-03-10,7.233287811279297
2023-03-13,6.981628894805908
2023-03-14,7.033104419708252
2023-03-15,6.758567810058594
2023-03-16,6.81766939163208
2023-03-17,6.7013726234436035
2023-03-20,6.758567810058594
2023-03-21,7.035011291503906
2023-03-22,7.130336761474609
2023-03-23,6.985442161560059
2023-03-24,6.771913528442383
2023-03-27,6.768100261688232
2023-03-28,6.831015110015869
2023-03-29,6.882490634918213
2023-03-30,6.94540548324585
2023-03-31,7.136056423187256
2023-04-03,7.071235179901123
2023-04-04,7.008320331573486
2023-04-05,6.884397506713867
2023-04-06,7.0121331214904785
2023-04-11,7.042637348175049
2023-04-12,7.0121331214904785
2023-04-13,7.158934593200684
2023-04-14,7.1741862297058105
2023-04-17,7.277137756347656
2023-04-18,7.296202659606934
2023-04-19,7.307641506195068
2023-04-20,7.231381416320801
2023-04-21,7.423938751220703
2023-04-24,7.288576602935791
2023-04-25,7.189438343048096
2023-04-26,7.126523494720459
2023-04-27,7.27523136138916
2023-04-28,7.155121326446533
2023-05-02,6.958751201629639
2023-05-03,6.989254951477051
2023-05-04,6.882490634918213
2023-05-05,7.044543743133545
2023-05-08,7.149401664733887
2023-05-09,7.153214931488037
2023-05-10,7.166560649871826
2023-05-11,7.292389869689941
2023-05-12,7.366743564605713
2023-05-15,7.366743564605713
2023-05-16,7.27141809463501
2023-05-17,7.290482997894287
2023-05-18,7.322894096374512
2023-05-19,7.3476786613464355
2023-05-22,7.446816444396973
2023-05-23,7.410593509674072
2023-05-24,7.1208038330078125
2023-05-25,7.122710704803467
2023-05-26,7.177999496459961
2023-05-29,7.044543743133545
2023-05-30,6.922527313232422
2023-05-31,6.985442161560059
2023-06-01,6.977816104888916
2023-06-02,7.088393211364746
2023-06-05,6.998787879943848
2023-06-06,7.05979585647583
2023-06-07,7.096019268035889
2023-06-08,7.054076671600342
2023-06-09,6.922527313232422
2023-06-12,6.94540548324585
2023-06-13,7.015946388244629
2023-06-14,7.050263404846191
2023-06-15,6.966377258300781
2023-06-16,6.974003314971924
2023-06-19,6.9434990882873535
2023-06-20,6.8348283767700195
2023-06-21,6.768100261688232
2023-06-22,6.735689640045166
2023-06-23,6.596514701843262
2023-06-26,6.644176959991455
2023-06-27,6.766193866729736
2023-06-28,6.758567810058594
2023-06-29,6.680400848388672
2023-06-30,6.846267223358154
2023-07-03,7.036917686462402
2023-07-04,7.2942962646484375
2023-07-05,7.261885643005371
2023-07-06,7.118897438049316
2023-07-07,7.237101078033447
2023-07-10,7.177999496459961
2023-07-11,7.208503246307373
2023-07-12,7.2542595863342285
2023-07-13,7.33242654800415
2023-07-14,7.263792037963867
2023-07-17,7.054076671600342
2023-07-18,7.141775608062744
2023-07-19,7.324800491333008
2023-07-20,7.30192232131958
2023-07-21,7.246634006500244
2023-07-24,7.225661754608154
2023-07-25,7.284763813018799
2023-07-26,7.368649959564209
2023-07-27,7.3629302978515625
2023-07-28,7.435378074645996
2023-07-31,7.505918502807617
2023-08-01,6.985442161560059
2023-08-02,6.783352375030518
2023-08-03,6.804324150085449
2023-08-04,6.720438003540039
2023-08-07,6.766193866729736
2023-08-08,6.6327385902404785
2023-08-09,6.651803493499756
2023-08-10,6.718531131744385
2023-08-11,6.714718341827393
2023-08-14,6.697559356689453
2023-08-16,6.5679168701171875
2023-08-17,6.329603672027588
2023-08-18,6.302912712097168
2023-08-21,6.228558540344238
2023-08-22,6.198054790496826
2023-08-23,6.270502090454102
2023-08-24,6.259062767028809
2023-08-25,6.205680847167969
2023-08-28,6.331510543823242
2023-08-29,6.293380260467529
2023-08-30,6.3791728019714355
2023-08-31,6.321977615356445
2023-09-01,6.320071220397949
2023-09-04,6.302912712097168
2023-09-05,6.2171196937561035
2023-09-06,6.066505432128906
2023-09-07,5.994058609008789
2023-09-08,6.003591060638428
2023-09-11,6.001684665679932
2023-09-12,5.963554382324219
2023-09-13,5.910171985626221
2023-09-14,5.891107082366943
2023-09-15,5.908265590667725
2023-09-18,5.751932144165039
2023-09-19,5.79578161239624
2023-09-20,5.849164009094238
2023-09-21,5.763370990753174
2023-09-22,5.816753387451172
2023-09-25,5.603224277496338
2023-09-26,5.4468913078308105
2023-09-27,5.507898807525635
2023-09-28,5.523151397705078
2023-09-29,5.517431735992432
2023-10-02,5.41638708114624
2023-10-03,5.252427577972412
2023-10-04,5.258146286010742
2023-10-05,5.282931327819824
2023-10-06,5.315341949462891
2023-10-09,5.225736141204834
2023-10-10,5.4773945808410645
2023-10-11,5.549842357635498
2023-10-12,5.486927509307861
2023-10-13,5.406854152679443
2023-10-16,5.481207847595215
2023-10-17,5.486927509307861
2023-10-18,6.209493637084961
2023-10-19,6.158018112182617
2023-10-20,6.314351558685303
2023-10-23,6.129420280456543
2023-10-24,6.005497455596924
2023-10-25,5.202857971191406
2023-10-26,5.252427577972412
2023-10-27,5.120878219604492
2023-10-30,5.160914897918701
2023-10-31,5.2200164794921875
2023-11-01,5.429732322692871
2023-11-02,5.50027322769165
2023-11-03,5.835818767547607
2023-11-06,5.673765182495117
2023-11-07,5.73858642578125
2023-11-08,5.717615127563477
2023-11-09,6.272408485412598
2023-11-10,6.278128147125244
2023-11-13,6.386798858642578
2023-11-14,6.596514701843262
2023-11-15,6.609860420227051
2023-11-16,6.596514701843262
2023-11-17,6.598421096801758
2023-11-20,6.659429550170898
2023-11-21,6.691840171813965
2023-11-22,6.634644985198975
2023-11-23,6.6327385902404785
2023-11-24,6.710905075073242
2023-11-27,6.716624736785889
2023-11-28,6.708998680114746
2023-11-29,6.770007133483887
2023-11-30,6.815762996673584
2023-12-01,6.928246974945068
2023-12-04,7.063608646392822
2023-12-05,6.972096920013428
2023-12-06,7.071235179901123
2023-12-07,7.027385711669922
2023-12-08,7.076954364776611
2023-12-11,7.08648681640625
2023-12-12,7.038824081420898
2023-12-13,6.989254951477051
2023-12-14,6.966377258300781
2023-12-15,7.13415002822876
2023-12-18,7.073141574859619
2023-12-19,7.048357009887695
2023-12-20,7.063608646392822
2023-12-21,7.029292106628418
2023-12-22,7.046450614929199
2023-12-27,7.073141574859619
2023-12-28,7.063608646392822
2023-12-29,7.05979585647583
2024-01-02,6.970190048217773
2024-01-03,6.76047420501709
2024-01-04,6.731876373291016
2024-01-05,6.76428747177124
2024-01-08,6.920620918273926
2024-01-09,6.987348556518555
2024-01-10,6.911088466644287
2024-01-11,6.84817361831665
2024-01-12,6.855799674987793
2024-01-15,6.773819923400879
2024-01-16,6.779539585113525
2024-01-17,6.6613359451293945
2024-01-18,6.819575786590576
2024-01-19,6.802417755126953
2024-01-22,6.958751201629639
2024-01-23,6.9434990882873535
2024-01-24,7.029292106628418
2024-01-25,6.912994861602783
2024-01-26,6.985442161560059
2024-01-29,6.846267223358154
2024-01-30,6.832921981811523
2024-01-31,6.8100433349609375
2024-02-01,6.718531131744385
2024-02-02,6.775726318359375
2024-02-05,6.768100261688232
2024-02-06,6.771913528442383
2024-02-07,6.76047420501709
2024-02-08,6.827202320098877
2024-02-09,6.827202320098877
2024-02-12,6.9301533699035645
2024-02-13,6.7299699783325195
2024-02-14,7.014039516448975
2024-02-15,7.025478839874268
2024-02-16,6.880584239959717
2024-02-19,6.783352375030518
2024-02-20,6.758567810058594
2024-02-21,6.693746566772461
2024-02-22,6.678494453430176
2024-02-23,6.796698093414307
2024-02-26,6.771913528442383
2024-02-27,6.798604488372803
2024-02-28,6.562197208404541
2024-02-29,6.457339763641357
2024-03-01,6.6060471534729
2024-03-04,6.421115875244141
2024-03-05,6.371546745300293
2024-03-06,6.43827486038208
2024-03-07,6.1770830154418945
2024-03-08,6.295286655426025
2024-03-11,6.070318698883057
2024-03-12,6.158018112182617
2024-03-13,6.100822925567627
2024-03-14,6.047440528869629
2024-03-15,5.990245342254639
2024-03-18,5.791968822479248
2024-03-19,5.7443060874938965
2024-03-20,5.784342288970947
2024-03-21,5.5021796226501465
2024-03-22,5.639448165893555
2024-03-25,5.679484844207764
2024-03-26,5.702362537384033
2024-03-27,5.626102447509766
2024-03-28,5.599411487579346
2024-04-02,5.494553565979004
2024-04-03,5.475488662719727
2024-04-04,5.465956211090088
2024-04-05,5.357285022735596
2024-04-08,5.357285022735596
2024-04-09,5.31152868270874
2024-04-10,5.3000898361206055
2024-04-11,5.244801044464111
2024-04-12,5.229548931121826
2024-04-15,5.22764253616333
2024-04-16,5.164728164672852
2024-04-17,5.141849994659424
2024-04-18,5.1914191246032715
2024-04-19,5.155195236206055
2024-04-22,5.218110084533691
2024-04-23,5.370630264282227
2024-04-24,5.31152868270874
2024-04-25,5.153288841247559
2024-04-26,5.229548931121826
2024-04-29,5.330594062805176
2024-04-30,5.221923351287842
2024-05-02,5.305809497833252
2024-05-03,5.322968006134033
2024-05-06,5.378256797790527
2024-05-07,5.41638708114624
2024-05-08,5.435451984405518
2024-05-09,5.782435894012451
2024-05-10,5.933050155639648
2024-05-13,6.028375625610352
2024-05-14,6.083664417266846
2024-05-15,6.058879852294922
2024-05-16,6.051253795623779
2024-05-17,5.9864325523376465
2024-05-20,6.051253795623779
2024-05-21,5.908265590667725
2024-05-22,5.843444347381592
2024-05-23,5.828192234039307
2024-05-24,5.814846515655518
2024-05-27,5.900639533996582
2024-05-28,5.8129401206970215
2024-05-29,5.780529975891113
2024-05-30,5.858696460723877
2024-05-31,5.805314540863037
2024-06-03,5.877761363983154
2024-06-04,5.875854969024658
2024-06-05,6.00740385055542
2024-06-06,5.9063591957092285
2024-06-07,5.896826267242432
2024-06-10,5.746212482452393
2024-06-11,5.643260955810547
2024-06-12,5.761464595794678
2024-06-13,5.591785430908203
2024-06-14,5.3935089111328125
2024-06-17,5.305809497833252
2024-06-18,5.378256797790527
2024-06-19,5.338220119476318
2024-06-20,5.456423282623291
2024-06-21,5.530777454376221
2024-06-24,5.547935962677002
2024-06-25,5.513618469238281
2024-06-26,5.517431735992432
2024-06-27,5.471675395965576
2024-06-28,5.427825450897217
2024-07-01,5.515524864196777
2024-07-02,5.519338130950928
2024-07-03,5.5822529792785645
2024-07-04,5.610850811004639
2024-07-05,5.626102447509766
2024-07-08,5.626102447509766
2024-07-09,5.549842357635498
2024-07-10,5.601317882537842
2024-07-11,5.631822109222412
2024-07-12,5.645167350769043
2024-07-15,5.595598220825195
2024-07-16,5.59750509262085
2024-07-17,5.599411487579346
2024-07-18,5.605131149291992
2024-07-19,5.391602516174316
2024-07-22,5.465956211090088
2024-07-23,5.464049339294434
2024-07-24,5.433545112609863
2024-07-25,5.376349925994873
2024-07-26,5.425919055938721
2024-07-29,5.31152868270874
2024-07-30,5.427825450897217
2024-07-31,5.410667419433594
2024-08-01,5.465956211090088
2024-08-02,5.22764253616333
2024-08-05,4.911162376403809
2024-08-06,5.033178806304932
2024-08-07,5.2200164794921875
2024-08-08,5.281024932861328
2024-08-09,5.3820695877075195
2024-08-12,5.410667419433594
2024-08-13,5.5422163009643555
2024-08-14,5.593691825866699
2024-08-16,5.772903919219971
2024-08-19,5.79578161239624
2024-08-20,5.805314540863037
2024-08-21,5.843444347381592
2024-08-22,5.851070404052734
2024-08-23,5.910171985626221
2024-08-26,5.902545928955078
2024-08-27,5.961647987365723
2024-08-28,5.969274044036865
2024-08-29,6.005497455596924
2024-08-30,6.018843173980713
2024-09-02,6.03790807723999
2024-09-03,5.974993705749512
2024-09-04,6.003591060638428
2024-09-05,6.005497455596924
2024-09-06,5.982619285583496
2024-09-09,6.125607490539551
2024-09-10,6.085570812225342
2024-09-11,6.0150299072265625
2024-09-12,6.03790807723999
2024-09-13,5.866322040557861
2024-09-16,5.791968822479248
2024-09-17,6.074131965637207
2024-09-18,6.097009658813477
2024-09-19,6.133233547210693
2024-09-20,5.944489479064941
2024-09-23,5.8949198722839355
2024-09-24,5.938769817352295
2024-09-25,5.753838539123535
2024-09-26,5.835818767547607
2024-09-27,5.955928325653076
2024-09-30,5.807220935821533
2024-10-01,5.666139125823975
2024-10-02,5.647073745727539
2024-10-03,5.4735822677612305
2024-10-04,5.544122695922852
2024-10-07,5.626102447509766
2024-10-08,5.568907260894775
2024-10-09,5.605131149291992
2024-10-10,5.589878559112549
2024-10-11,5.536496639251709
2024-10-14,5.572720527648926
2024-10-15,5.637541770935059
2024-10-16,5.683297634124756
2024-10-17,5.715708255767822
2024-10-18,5.700456142425537
2024-10-21,5.68520450592041
2024-10-22,5.8243794441223145
2024-10-23,5.763370990753174
2024-10-24,5.648980617523193
2024-10-25,5.586066246032715
2024-10-28,5.666139125823975
2024-10-29,5.5841593742370605
2024-10-30,5.437358379364014
2024-10-31,5.530777454376221
2024-11-01,5.546029090881348
2024-11-04,5.465956211090088
2024-11-05,5.456423282623291
2024-11-06,5.357285022735596
2024-11-07,5.490740776062012
2024-11-08,5.460236549377441
2024-11-11,5.4773945808410645
2024-11-12,5.303903102874756
2024-11-13,5.2600531578063965
2024-11-14,5.240988254547119
2024-11-15,5.178073406219482
2024-11-18,5.212390422821045
2024-11-19,5.1113457679748535
2024-11-20,5.221923351287842
2024-11-21,5.052244186401367
2024-11-22,5.040804862976074
2024-11-25,5.160914897918701
2024-11-26,5.183793067932129
2024-11-27,5.14375638961792
2024-11-28,5.347752571105957
2024-11-29,5.3420329093933105
2024-12-02,5.6356353759765625
2024-12-03,5.4221062660217285
2024-12-04,5.406854152679443
2024-12-05,5.517431735992432
2024-12-06,5.557468414306641
2024-12-09,5.507898807525635
2024-12-10,5.519338130950928
2024-12-11,5.525057792663574
2024-12-12,5.504086494445801
2024-12-13,5.46976900100708
2024-12-16,5.467862606048584
2024-12-17,5.32868766784668
2024-12-18,5.309622764587402
2024-12-19,5.120878219604492
2024-12-20,5.010300636291504
2024-12-23,5.025552749633789
2024-12-27,5.090373992919922
2024-12-30,5.109439373016357
2025-01-02,5.141849994659424
2025-01-03,5.130410671234131
2025-01-06,5.229548931121826
2025-01-07,5.17044734954834
2025-01-08,5.06940221786499
2025-01-09,5.073215484619141
2025-01-10,5.0026750564575195
2025-01-13,4.810117721557617
2025-01-14,4.481245040893555
2025-01-15,4.403078079223633
2025-01-16,4.517468452453613
2025-01-17,4.606121063232422
2025-01-20,4.622326374053955
2025-01-21,4.679521560668945
2025-01-22,4.592775344848633
2025-01-23,4.614700794219971
2025-01-24,4.645204544067383
2025-01-27,4.648064136505127
2025-01-28,4.742436408996582
2025-01-29,4.722418308258057
2025-01-30,4.680474758148193
2025-01-31,4.69000768661499
2025-02-03,4.560365200042725
2025-02-04,4.567990779876709
2025-02-05,4.4259562492370605
2025-02-06,4.4783854484558105
2025-02-07,4.280108451843262
2025-02-10,4.204801082611084
2025-02-11,4.189549446105957
2025-02-12,4.348742485046387
2025-02-13,4.47457218170166
2025-02-14,4.499356746673584
2025-02-17,4.561318397521973
2025-02-18,4.559412002563477
2025-02-19,4.504123210906982
2025-02-20,4.3944993019104
2025-02-21,4.435488700866699
2025-02-24,4.519375324249268
2025-02-25,4.490777492523193
2025-02-26,4.466946125030518
2025-02-27,4.4250030517578125
2025-02-28,4.823462963104248
2025-03-03,4.852060794830322
2025-03-04,4.787239074707031
2025-03-05,4.884471416473389
2025-03-06,4.995048522949219
2025-03-07,4.905442714691162
2025-03-10,4.95501184463501
2025-03-11,4.888284206390381
2025-03-12,4.876845359802246
2025-03-13,4.98551607131958
2025-03-14,4.932133674621582
2025-03-17,4.998861789703369
2025-03-18,5.0312724113464355
2025-03-19,4.995048522949219
2025-03-20,5.200951099395752
2025-03-21,4.947386264801025
2025-03-24,4.886377811431885
2025-03-25,4.884471416473389
2025-03-26,4.813930511474609
2025-03-27,4.913068771362305
2025-03-28,4.8558735847473145
2025-03-31,4.682381629943848
2025-04-01,4.740530014038086
2025-04-02,4.761501312255859
2025-04-03,4.594682216644287
2025-04-04,4.067533016204834
2025-04-07,3.908339500427246
2025-04-08,4.108522891998291
2025-04-09,4.030356407165527
2025-04-10,4.328724384307861
2025-04-11,4.307753086090088
2025-04-14,4.456460475921631
2025-04-15,4.594682216644287
2025-04-16,4.680474758148193
2025-04-17,4.717651844024658
2025-04-22,4.7205119132995605
2025-04-23,4.932133674621582
2025-04-24,4.932133674621582
2025-04-25,4.966451168060303
2025-04-28,4.918788433074951
2025-04-29,4.945479869842529
2025-04-30,4.903536319732666
2025-05-02,5.103719711303711
2025-05-05,5.077028751373291
2025-05-06,5.118971347808838
2025-05-07,5.044617652893066
2025-05-08,5.147569179534912
2025-05-09,5.195231914520264
2025-05-12,5.277211666107178
2025-05-13,5.162821292877197
2025-05-14,5.128504276275635
2025-05-15,5.138036727905273
2025-05-16,5.0980000495910645
2025-05-19,5.171999931335449
2025-05-20,5.25
2025-05-21,5.340000152587891
2025-05-22,5.288000106811523
2025-05-23,5.139999866485596
2025-05-26,5.245999813079834
2025-05-27,5.375999927520752
2025-05-28,5.289999961853027
2025-05-29,5.289999961853027
2025-05-30,5.296000003814697
2025-06-02,5.248000144958496
2025-06-03,5.302000045776367
2025-06-04,5.294000148773193
2025-06-05,5.28000020980835
2025-06-06,5.289999961853027
2025-06-09,5.23799991607666
2025-06-10,5.254000186920166
2025-06-11,5.124000072479248
2025-06-12,5.0879998207092285
2025-06-13,4.836999893188477
2025-06-16,4.927999973297119
2025-06-17,4.919000148773193
2025-06-18,4.956999778747559
2025-06-19,4.803999900817871
2025-06-20,4.8460001945495605
2025-06-23,4.811999797821045
2025-06-24,4.959000110626221
2025-06-25,4.938000202178955
2025-06-26,5.099999904632568
2025-06-27,5.119999885559082
2025-06-30,5.073999881744385
2025-07-01,5.072000026702881
2025-07-02,5.145999908447266
2025-07-03,5.0980000495910645
2025-07-04,5.090000152587891
2025-07-07,5.104000091552734
2025-07-08,5.193999767303467
2025-07-09,5.25
2025-07-10,5.208000183105469
2025-07-11,5.130000114440918
2025-07-14,5.059999942779541
2025-07-15,5.104000091552734
2025-07-16,5.119999885559082
2025-07-17,5.116000175476074
2025-07-18,5.1479997634887695
2025-07-21,5.119999885559082
2025-07-22,5.127999782562256
2025-07-23,5.23199987411499
2025-07-24,5.179999828338623
2025-07-25,5.3520002365112305
2025-07-28,5.323999881744385
2025-07-29,5.25
2025-07-30,5.179999828338623
2025-07-31,5.010000228881836
2025-08-01,5.079999923706055
2025-08-04,5.119999885559082
2025-08-05,5.24399995803833
2025-08-06,5.328000068664551
2025-08-07,5.46999979019165
2025-08-08,5.389999866485596
2025-08-11,5.326000213623047
2025-08-12,5.320000171661377
2025-08-13,5.372000217437744
2025-08-14,5.369999885559082
2025-08-18,5.435999870300293
2025-08-19,5.567999839782715
2025-08-20,5.538000106811523
2025-08-21,5.515999794006348
2025-08-22,5.593999862670898
